"ChemicalName","ChemicalID","CasRN","DrugBankIDs","PharmGKBID","Type"
"2-Propanol","D019840","67-63-0","DB02325","PA450117","Drug"
"4-hydroxybutyric acid","C111420","591-81-1","DB01440","PA10819","Drug"
"4-methyl-N-(3-(4-methylimidazol-1-yl)-5-(trifluoromethyl)phenyl)-3-((4-pyridin-3-ylpyrimidin-2-yl)amino)benzamide","C498826",NA,"DB04868","PA165958345","Drug"
"5,6,7,8-tetrahydrofolic acid","C030371","29347-89-5","DB00116","PA164745110","Drug,Biological Intermediate"
"abacavir","C106538",NA,"DB01048","PA448004","Drug"
"abarelix","C423508","183552-38-7","DB00106","PA164754915","Drug"
"Acamprosate","D000077443","77337-76-9","DB00659","PA10344","Drug"
"Acarbose","D020909","56180-94-0","DB00284","PA448010","Drug"
"Acebutolol","D000070","37517-30-9","DB01193","PA448011","Drug"
"Acenocoumarol","D000074","152-72-7","DB01418","PA452632","Drug"
"Acepromazine","D000075","61-00-7","DB01614","PA164783999","Drug"
"aceprometazine","C021280","13461-01-3","DB01615","PA164743727","Drug"
"Acetaminophen","D000082","103-90-2","DB00316","PA448015","Drug"
"Acetazolamide","D000086","59-66-5","DB00819","PA448018","Drug"
"Acetic Acid","D019342","64-19-7","DB03166","PA448021","Drug"
"Acetohexamide","D000092","968-81-0","DB00414","PA164777011","Drug"
"acetohydroxamic acid","C006358",NA,"DB00551","PA164749213","Drug"
"acetophenazine","C100162","2751-68-0","DB01063","PA164781360","Drug"
"acetyl-2-naphthylalanyl-3-chlorophenylalanyl-1-oxohexadecyl-seryl-4-aminophenylalanyl(hydroorotyl)-4-aminophenylalanyl(carbamoyl)-leucyl-ILys-prolyl-alaninamide","C431566",NA,"DB06699","PA165958373","Drug"
"Acetylcholine","D000109","51-84-3","DB03128","PA448031","Drug"
"Acetyldigitoxins","D000112",NA,"DB00511","PA164746246","Drug"
"Acetylglucosamine","D000117","7512-17-6","DB00141","PA164752287","Drug"
"Acitretin","D017255","55079-83-9","DB00459","PA448039","Drug"
"Acyclovir","D000212","59277-89-3","DB00787","PA448045","Drug"
"Adapalene","D000068816",NA,"DB00210","PA448047","Drug"
"adefovir dipivoxil","C106812","142340-99-6","DB00718","PA10005","Prodrug"
"Adenine","D000225","73-24-5","DB00173","PA448048","Drug"
"Adenosine","D000241","58-61-7","DB00640","PA448049","Drug,Biological Intermediate"
"Adenosine Monophosphate","D000249","61-19-8","DB00131","PA164744376","Drug,Biological Intermediate"
"Adenosine Triphosphate","D000255","56-65-5","DB00171","PA164743471","Drug,Biological Intermediate"
"adinazolam","C039668","37115-32-5","DB00546","PA164783813","Drug"
"Adrenocorticotropic Hormone","D000324","9002-60-2","DB01285","PA449129","Drug"
"Ajmaline","D000404","7/12/4360","DB01426","PA164776839","Drug"
"Alanine","D000409","56-41-7","DB00160","PA448055","Drug"
"Albendazole","D015766","54965-21-8","DB00518","PA164746058","Drug"
"Albuterol","D000420","18559-94-9","DB01001","PA448068","Drug"
"alcaftadine","C557708",NA,"DB06766","PA165958399","Drug"
"aldesleukin","C082598","110942-02-4","DB00041","PA448081","Drug"
"Alendronate","D019386","66376-36-1","DB00630","PA448082","Drug"
"alfacalcidol","C008088","41294-56-8","DB01436","PA164746469","Drug"
"Alfentanil","D015760","71195-58-9","DB00802","PA448084","Drug"
"alfuzosin","C047638",NA,"DB00346","PA164774795","Drug"
"Alitretinoin","D000077556","8/3/5300","DB00523","PA164746900","Drug"
"alizapride","C033968","59338-93-1","DB01425","PA164744894","Drug"
"Allopurinol","D000493","315-30-0","DB00437","PA448320","Drug"
"Allylestrenol","D000500","432-60-0","DB01431","PA164745307","Drug"
"allylpropymal","C006470","77-02-1","DB01352","PA164754809","Drug"
"Almitrine","D015765","27469-53-0","DB01430","PA164750492","Drug"
"almotriptan","C409045","154323-57-6","DB00918","PA10246","Drug"
"alosetron","C090840","122852-42-0","DB00969","PA164745502","Drug"
"alpha-glucoheptonic acid","C007852",NA,"DB00326","PA164746233","Drug"
"alpha-Linolenic Acid","D017962","463-40-1","DB00132","PA449384","Drug"
"alpha-Methyltyrosine","D019805","658-48-0","DB00765","PA450487","Drug"
"Alprazolam","D000525","28981-97-7","DB00404","PA448333","Drug"
"Alprenolol","D000526","13655-52-2","DB00866","PA164750541","Drug"
"Alprostadil","D000527","745-65-3","DB00770","PA448334","Drug"
"Altretamine","D006585","645-05-6","DB00488","PA164743136","Drug"
"Aluminum","D000535","7429-90-5","DB01370","PA164760864","Drug"
"alverine","C010846","150-59-4","DB01616","PA164764505","Drug"
"alvimopan","C419502",NA,"DB06274","PA164754864","Drug"
"alvocidib","C077990",NA,"DB03496","PA452627","Drug"
"Amantadine","D000547","768-94-5","DB00915","PA448360","Drug"
"amcinonide","C012716",NA,"DB00288","PA164746074","Drug"
"Amdinocillin","D000560",NA,"DB01163","PA164754807","Drug"
"Amdinocillin Pivoxil","D000561","32886-97-8","DB01605","PA164750167","Drug"
"Amifostine","D004999","20537-88-6","DB01143","PA448365","Drug"
"Amikacin","D000583","37517-28-5","DB00479","PA164744372","Drug"
"Amiloride","D000584","2609-46-3","DB00594","PA448368","Drug"
"Aminocaproic Acid","D015119","60-32-2","DB00513","PA164774947","Drug"
"Aminoglutethimide","D000616","125-84-8","DB00357","PA448375","Drug"
"Aminolevulinic Acid","D000622","106-60-5","DB00855","PA10015","Drug"
"Aminophylline","D000628","317-34-0","DB01223","PA164781029","Drug"
"Aminopyrine","D000632","58-15-1","DB01424","PA164748135","Drug"
"Aminosalicylic Acid","D010131","65-49-6","DB00233","PA448382","Drug"
"Amiodarone","D000638","1951-25-3","DB01118","PA448383","Drug"
"Amitriptyline","D000639","50-48-6","DB00321","PA448385","Drug"
"amlexanox","C045742",NA,"DB01025","PA164745310","Drug"
"Amlodipine","D017311","88150-42-9","DB00381","PA448388","Drug"
"Amobarbital","D000654","57-43-2","DB01351","PA448401","Drug"
"Amodiaquine","D000655","86-42-0","DB00613","PA448404","Drug"
"Amoxapine","D000657","14028-44-5","DB00543","PA448405","Drug"
"Amoxicillin","D000658","26787-78-0","DB01060","PA448406","Drug"
"Amphetamine","D000661","300-62-9","DB00182","PA448408","Drug"
"Amphotericin B","D000666","1397-89-3","DB00681","PA448415","Drug"
"Ampicillin","D000667","69-53-4","DB00415","PA448419","Drug"
"amprenavir","C095108",NA,"DB00701","PA448422","Drug"
"Amrinone","D000676","60719-84-8","DB01427","PA164746803","Drug"
"Amsacrine","D000677",NA,"DB00276","PA10309","Drug"
"Amyl Nitrite","D000680","8017-89-8","DB01612","PA164750570","Drug"
"anagrelide","C021139",NA,"DB00261","PA164742986","Drug"
"Anastrozole","D000077384","120511-73-1","DB01217","PA448432","Drug"
"Anidulafungin","D000077612",NA,"DB00362","PA164742938","Drug"
"anileridine","C100232","144-14-9","DB00913","PA164768817","Drug"
"anisindione","C010679","117-37-3","DB01125","PA164746467","Drug"
"Antazoline","D000865","91-75-8","DB08799","PA165958418","Drug"
"Antimony Sodium Gluconate","D000967",NA,"DB05630","PA164743129","Drug"
"Antipyrine","D000983","60-80-0","DB01435","PA448453","Drug"
"antrafenine","C017014","55300-29-3","DB01419","PA164784000","Drug"
"Apomorphine","D001058","58-00-4","DB00714","PA164781163","Drug"
"apraclonidine","C016986","66711-21-5","DB00964","PA164748866","Drug"
"Aprepitant","D000077608",NA,"DB00673","PA164747039","Drug"
"Aprindine","D001073","37640-71-4","DB01429","PA164764496","Drug"
"arbekacin","C031986","51025-85-5","DB06696","PA165958370","Drug"
"arbutamine","C076559","130783-37-8","DB01102","PA164747979","Drug"
"argatroban","C031942","74863-84-6","DB00278","PA164745516","Drug"
"Arginine","D001120","74-79-3","DB00125","PA448478","Drug"
"Aripiprazole","D000068180",NA,"DB01238","PA10026","Drug"
"Arsenic Trioxide","D000077237","1327-53-3","DB01169","PA448486","Drug"
"Artemether","D000077549","71963-77-4","DB06697","PA165111698","Drug"
"Asparagine","D001216","7006-34-0","DB00174","PA164776968","Drug"
"Aspartame","D001218","22839-47-0","DB00168","PA448493","Drug"
"Aspirin","D001241","50-78-2","DB00945","PA448497","Drug"
"Astemizole","D016589","68844-77-9","DB00637","PA448498","Drug"
"Atazanavir Sulfate","D000069446",NA,"DB01072","PA10251","Drug"
"Atenolol","D001262","29122-68-7","DB00335","PA448499","Drug"
"Atomoxetine Hydrochloride","D000069445",NA,"DB00289","PA134688071","Drug"
"Atorvastatin","D000069059",NA,"DB01076","PA448500","Drug"
"Atovaquone","D053626","94015-53-9","DB01117","PA448502","Drug"
"Atropine","D001285","51-55-8","DB00572","PA448505","Drug"
"attapulgite","C026325","12174-11-7","DB01574","PA164781017","Drug"
"Auranofin","D001310","34031-32-8","DB00995","PA448510","Drug"
"Azacitidine","D001374","320-67-2","DB00928","PA451996","Drug"
"azatadine","C006656","3964-81-6","DB00719","PA164747157","Drug"
"Azathioprine","D001379","446-86-6","DB00993","PA448515","Drug"
"azelaic acid","C010038",NA,"DB00548","PA164754850","Drug"
"azelastine","C020976","58581-89-8","DB00972","PA448517","Drug"
"azidocillin","C100243","17243-38-8","DB08795","PA165958414","Drug"
"Azithromycin","D017963","83905-01-5","DB00207","PA448519","Drug"
"Azlocillin","D001390","37091-66-0","DB01061","PA164749135","Drug"
"Aztreonam","D001398","78110-38-0","DB00355","PA448523","Drug"
"bacampicillin","C011674",NA,"DB01602","PA164745461","Drug"
"Bacitracin","D001414","1405-87-4","DB00626","PA448531","Drug"
"Baclofen","D001418","1134-47-0","DB00181","PA448533","Drug"
"balsalazide","C038637","82101-18-6","DB01014","PA448536","Drug"
"bambuterol","C047766","81732-65-2","DB01408","PA164743113","Drug"
"Barbital","D001462","57-44-3","DB01483","PA448538","Drug"
"Becaplermin","D000077214",NA,"DB00102","PA164749511","Drug"
"Beclomethasone","D001507","4419-39-0","DB00394","PA448547","Drug"
"benazepril","C044946","86541-75-5","DB00542","PA448561","Drug"
"Bendroflumethiazide","D001539","73-48-3","DB00436","PA448563","Drug"
"benoxaprofen","C011677",NA,"DB04812","PA166049178","Drug"
"benoxinate","C005298","99-43-4","DB00892","PA164764617","Drug"
"bentiromide","C006717",NA,"DB00522","PA164750572","Drug"
"bentoquatam","C006691","1340-69-8","DB00516","PA164748098","Drug"
"Benzocaine","D001566",NA,"DB01086","PA448576","Drug"
"Benzoic Acid","D019817",NA,"DB03793","PA448578","Drug"
"benzonatate","C029755","104-31-4","DB00868","PA164745459","Drug"
"benzothiazide","C004463","91-33-8","DB00562","PA164776841","Drug"
"Benzphetamine","D001589","156-08-1","DB00865","PA448586","Drug"
"benzquinamide","C100234","63-12-7","DB00767","PA164749018","Drug"
"Benztropine","D001590","86-13-5","DB00245","PA448591","Drug"
"benzyl benzoate","C006723","120-51-4","DB00676","PA164748881","Drug"
"bepotastine","C108476",NA,"DB04890","PA164781356","Drug"
"Bepridil","D015764","64706-54-3","DB01244","PA164754755","Drug"
"Berberine","D001599","2086-83-1","DB04115","PA165860812","Drug"
"Betahistine","D001621","5638-76-6","DB06698","PA165958372","Drug"
"Betamethasone","D001623","378-44-9","DB00443","PA164754818","Drug"
"Betaxolol","D015784","63659-18-7","DB00195","PA448611","Drug"
"Betazole","D001625","105-20-4","DB00272","PA164784036","Drug"
"Bethanechol","D018723","674-38-4","DB01019","PA448613","Drug"
"Bethanidine","D001627","55-73-2","DB00217","PA164743235","Drug"
"bevantolol","C021148","59170-23-9","DB01295","PA164743236","Drug"
"Bexarotene","D000077610",NA,"DB00307","PA164752250","Drug"
"Bezafibrate","D001629","41859-67-0","DB01393","PA162364313","Drug"
"bicalutamide","C053541",NA,"DB01128","PA164746255","Drug"
"bifonazole","C036596","60628-96-8","DB04794","PA164746464","Drug"
"Bimatoprost","D000069580",NA,"DB00905","PA164748867","Drug"
"Biotin","D001710","58-85-5","DB00121","PA448625","Drug"
"Biperiden","D001712","514-65-8","DB00810","PA448626","Drug"
"bismuth subsalicylate","C015715","14882-18-9","DB01294","PA164774805","Drug"
"Bisoprolol","D017298","66722-44-9","DB00612","PA448641","Drug"
"bivalirudin","C074619","128270-60-0","DB00006","PA10032","Drug"
"Bleomycin","D001761","11056-06-7","DB00290","PA448645","Drug"
"BMS201038","C473731",NA,"DB08827","PA166114922","Drug"
"bopindolol","C036007","69010-88-4","DB08807","PA165958425","Drug"
"Bortezomib","D000069286",NA,"DB00188","PA10252","Drug"
"Bosentan","D000077300","147536-97-8","DB00559","PA10034","Drug"
"Botulinum Toxins, Type A","D019274",NA,"DB00083","PA164754825","Drug"
"bretylium","C045166","59-41-6","DB01158","PA448662","Drug"
"Brimonidine Tartrate","D000068438",NA,"DB00484","PA448665","Drug"
"brinzolamide","C111827",NA,"DB01194","PA164744929","Drug"
"Bromazepam","D001960","1812-30-2","DB01558","PA10035","Drug"
"bromfenac","C053083","91714-94-2","DB00963","PA448670","Drug"
"Bromocriptine","D001971","25614-03-3","DB01200","PA448671","Drug"
"bromodiphenhydramine","C011410","118-23-0","DB01237","PA164760854","Drug"
"Brompheniramine","D001977","86-22-6","DB00835","PA448675","Drug"
"buclizine","C046894","82-95-1","DB00354","PA164748223","Drug"
"Budesonide","D019819","51333-22-3","DB01222","PA448681","Drug"
"Bumetanide","D002034","28395-03-1","DB00887","PA448682","Drug"
"Bupivacaine","D002045","2180-92-9","DB00297","PA135057240","Drug"
"Buprenorphine","D002047","52485-79-7","DB00921","PA448685","Drug"
"Bupropion","D016642","34841-39-9","DB01156","PA448687","Drug"
"Buspirone","D002065","36505-84-7","DB00490","PA448689","Drug"
"Busulfan","D002066","55-98-1","DB01008","PA448691","Drug"
"butalbital","C004470","77-26-9","DB00241","PA448695","Drug"
"butenafine","C067594","101828-21-1","DB01091","PA164745478","Drug"
"butobarbital","C027712","77-28-1","DB01353","PA164748035","Drug"
"butoconazole","C017125","67085-13-6","DB00639","PA164781353","Drug"
"Butorphanol","D002077","42408-82-2","DB00611","PA164745398","Drug"
"cabazitaxel","C552428",NA,"DB06772","PA165958401","Drug"
"Cabergoline","D000077465","81409-90-7","DB00248","PA448708","Drug"
"Caffeine","D002110","58-08-2","DB00201","PA448710","Drug"
"Calcifediol","D002112","19356-17-3","DB00146","PA164745614","Drug"
"calcipotriene","C055085",NA,"DB02300","PA448714","Drug"
"Calcitriol","D002117","32222-06-3","DB00136","PA448717","Drug"
"Calcium","D002118","7440-70-2","DB01373","PA164712582","Drug,Ion"
"calcium acetate","C120662",NA,"DB00258","PA164746897","Drug"
"Calcium Chloride","D002122","10043-52-4","DB01164","PA448729","Drug"
"Camptothecin","D002166","4/3/7689","DB04690","PA153590860","Drug"
"candesartan cilexetil","C077793","145040-37-5","DB00796","PA448765","Drug"
"Candicidin","D002174","1403-17-4","DB01152","PA164754911","Drug"
"candoxatril","C062766",NA,"DB00616","PA164764517","Drug"
"Capecitabine","D000069287",NA,"DB01101","PA448771","Prodrug"
"Capreomycin","D002207","11003-38-6","DB00314","PA164746226","Drug"
"Captopril","D002216","62571-86-2","DB01197","PA448780","Drug"
"Carbachol","D002217",NA,"DB00411","PA448784","Drug"
"Carbamazepine","D002220","298-46-4","DB00564","PA448785","Drug"
"Carbenicillin","D002228","4697-36-3","DB00578","PA448788","Drug"
"carbetocin","C020731","37025-55-1","DB01282","PA164743086","Drug"
"Carbidopa","D002230","38821-49-7","DB00190","PA448794","Drug"
"Carbimazole","D002231","22232-54-8","DB00389","PA164742970","Drug"
"carbinoxamine","C004649","486-16-8","DB00748","PA164746898","Drug"
"Carboplatin","D016190","41575-94-4","DB00958","PA448803","Drug"
"carboprost tromethamine","C062843",NA,"DB00429","PA164754883","Drug"
"Carisoprodol","D002328","78-44-4","DB00395","PA448809","Drug"
"Carmustine","D002330","154-93-8","DB00262","PA448810","Drug"
"Carnitine","D002331",NA,"DB00583","PA450154","Drug"
"carprofen","C007005","52263-47-5","DB00821","PA164781361","Drug"
"Carteolol","D002354","51781-06-7","DB00521","PA164768736","Drug"
"Carvedilol","D000077261","72956-09-3","DB01136","PA448817","Drug"
"Caspofungin","D000077336",NA,"DB00520","PA164743013","Drug"
"Cefaclor","D002433","53994-73-3","DB00833","PA164749137","Drug"
"Cefadroxil","D002434","50370-12-2","DB01140","PA448835","Drug"
"Cefamandole","D002435","34444-01-4","DB01326","PA448837","Drug"
"Cefazolin","D002437","25953-19-9","DB01327","PA448839","Drug"
"Cefdinir","D000077525","91832-40-5","DB00535","PA164768739","Drug"
"cefditoren","C073460","104145-95-1","DB01066","PA164747187","Drug"
"Cefepime","D000077723","88040-23-7","DB01413","PA164754876","Drug"
"Cefixime","D020682","79350-37-1","DB00671","PA164768821","Drug"
"Cefmenoxime","D015281","65085-01-0","DB00267","PA164750569","Drug"
"Cefmetazole","D015311","56796-20-4","DB00274","PA164746819","Drug"
"Cefonicid","D015790","61270-58-4","DB01328","PA164743021","Drug"
"Cefoperazone","D002438","62893-19-0","DB01329","PA448849","Drug"
"ceforanide","C012653","60925-61-3","DB00923","PA164746057","Drug"
"Cefotaxime","D002439","63527-52-6","DB00493","PA448852","Drug"
"Cefotetan","D015313","69712-56-7","DB01330","PA164784033","Drug"
"Cefotiam","D015310","61622-34-2","DB00229","PA164749298","Drug"
"Cefoxitin","D002440","35607-66-0","DB01331","PA448856","Drug"
"cefpiramide","C036666","70797-11-4","DB00430","PA164748136","Drug"
"cefpodoxime","C053268","82619-04-3","DB01416","PA164746385","Drug"
"cefprozil","C052018","92665-29-7","DB01150","PA164746342","Drug"
"Ceftazidime","D002442","78439-06-2","DB00438","PA448861","Drug"
"Ceftibuten","D000077722","97519-39-6","DB01415","PA164744555","Drug"
"Ceftizoxime","D015296","68401-81-0","DB01332","PA164748758","Drug"
"Ceftriaxone","D002443","73384-59-5","DB01212","PA448866","Drug"
"Cefuroxime","D002444","55268-75-2","DB01112","PA448868","Drug"
"Celecoxib","D000068579",NA,"DB00482","PA448871","Drug"
"Cephacetrile","D002505","10206-21-0","DB01414","PA164776752","Drug"
"Cephalexin","D002506","15686-71-2","DB00567","PA448883","Drug"
"Cephaloglycin","D002507","3/1/3577","DB00689","PA164781027","Drug"
"Cephalothin","D002512","153-61-7","DB00456","PA448886","Drug"
"Cephapirin","D002514","21593-23-7","DB01139","PA164749340","Drug"
"Cephradine","D002515",NA,"DB01333","PA448890","Drug"
"cerivastatin","C086276",NA,"DB00439","PA448897","Drug"
"Cerulenin","D002569","17397-89-6","DB01034","PA164764551","Drug"
"Ceruletide","D002108",NA,"DB00403","PA164774919","Drug"
"Cetirizine","D017332","83881-51-0","DB00341","PA448905","Drug"
"cetrorelix","C062876","120287-85-6","DB00050","PA164764506","Drug"
"cevimeline","C059240","107233-08-9","DB00185","PA164754754","Drug"
"Chenodeoxycholic Acid","D002635","474-25-9","DB06777","PA165958403","Drug"
"Chloral Hydrate","D002697","302-17-0","DB01563","PA448925","Drug"
"Chlorambucil","D002699","305-03-3","DB00291","PA448926","Drug"
"Chloramphenicol","D002701","56-75-7","DB00446","PA448927","Drug"
"Chlordiazepoxide","D002707","58-25-3","DB00475","PA448932","Drug"
"Chlorhexidine","D002710","55-56-1","DB00878","PA164776863","Drug"
"Chlormerodrin","D002717","62-37-3","DB00534","PA164748977","Drug"
"Chlormezanone","D002720","80-77-3","DB01178","PA448939","Drug"
"chloroprocaine","C004616","133-16-4","DB01161","PA448946","Drug"
"chloropyramine","C004664","59-32-5","DB08800","PA165958419","Drug"
"Chloroquine","D002738","54-05-7","DB00608","PA448948","Drug"
"Chlorothiazide","D002740","58-94-6","DB00880","PA448953","Drug"
"Chlorotrianisene","D002741","569-57-3","DB00269","PA164768822","Drug"
"chloroxine","C004357","773-76-2","DB01243","PA164754879","Drug"
"Chlorphenesin","D002743","104-29-0","DB00856","PA164784022","Drug"
"Chlorpheniramine","D002744","132-22-9","DB01114","PA448960","Drug"
"Chlorpromazine","D002746","50-53-3","DB00477","PA448964","Drug"
"Chlorpropamide","D002747","94-20-2","DB00672","PA448966","Drug"
"Chlorprothixene","D002749","113-59-7","DB01239","PA164781400","Drug"
"Chlorthalidone","D002752","77-36-1","DB00310","PA448970","Drug"
"Chlorzoxazone","D002753","95-25-0","DB00356","PA448971","Drug"
"Cholecalciferol","D002762","67-97-0","DB00169","PA164748138","Drug"
"Choline","D002794","62-49-7","DB00122","PA448976","Drug"
"cholinophyllin","C012839",NA,"DB01303","PA164748137","Drug"
"ciclesonide","C120481","141845-82-1","DB01410","PA164781399","Drug"
"Ciclopirox","D000077768","29342-05-0","DB01188","PA164747060","Drug"
"Cidofovir","D000077404","113852-37-2","DB00369","PA448997","Drug"
"Cilastatin","D015377","82009-34-5","DB01597","PA448998","Drug"
"Cilazapril","D017315","92077-78-6","DB01340","PA164748302","Drug"
"Cilostazol","D000077407","73963-72-1","DB01166","PA164746334","Drug"
"Cimetidine","D002927","51481-61-9","DB00501","PA449001","Drug"
"Cinacalcet","D000069449",NA,"DB01012","PA164776671","Drug"
"cinalukast","C071436",NA,"DB00587","PA164743057","Drug"
"cinitapride","C045316","66564-14-5","DB08810","PA165958427","Drug"
"Cinnarizine","D002936","298-57-7","DB00568","PA164749342","Drug"
"cinolazepam","C053781","75696-02-5","DB01594","PA164748034","Drug"
"Cinoxacin","D002937","28657-80-9","DB00827","PA449007","Drug"
"Ciprofloxacin","D002939","85721-33-1","DB00537","PA449009","Drug"
"Cisapride","D020117","81098-60-4","DB00604","PA449011","Drug"
"cisatracurium","C101584",NA,"DB00565","PA164744925","Drug"
"Cisplatin","D002945","15663-27-1","DB00515","PA449014","Drug"
"Citric Acid","D019343","77-92-9","DB04272","PA449021","Drug"
"Cladribine","D017338","4291-63-8","DB00242","PA449027","Drug"
"Clarithromycin","D017291","81103-11-9","DB01211","PA449028","Drug"
"Clavulanic Acid","D019818","58001-44-8","DB00766","PA164742987","Drug"
"Clemastine","D002974","15686-51-8","DB00283","PA164776997","Drug"
"Clenbuterol","D002976","37148-27-9","DB01407","PA164745640","Drug"
"clidinium","C054940","7020-55-5","DB00771","PA164781044","Drug"
"Clindamycin","D002981","18323-44-9","DB01190","PA449035","Drug"
"Clobazam","D000078306","22316-47-8","DB00349","PA10888","Drug"
"Clodronic Acid","D004002","10596-23-3","DB00720","PA10239","Drug"
"Clofarabine","D000077866","123318-82-1","DB00631","PA164754863","Drug"
"Clofazimine","D002991","2030-63-9","DB00845","PA164748759","Drug"
"clofedanol","C010432","791-35-5","DB04837","PA164748134","Drug"
"Clofibrate","D002994","637-07-0","DB00636","PA449045","Drug"
"Clomiphene","D002996","911-45-5","DB00882","PA449046","Drug"
"Clomipramine","D002997","303-49-1","DB01242","PA449048","Drug"
"clomocycline","C007090","1181-54-0","DB00453","PA164771235","Drug"
"Clonazepam","D002998","1622-61-3","DB01068","PA449050","Drug"
"Clonidine","D003000","4205-90-7","DB00575","PA449051","Drug"
"Clopidogrel","D000077144",NA,"DB00758","PA449053","Prodrug"
"Clorazepate Dipotassium","D003009","57109-90-7","DB00628","PA164749297","Drug"
"clotiazepam","C084599","33671-46-4","DB01559","PA164752437","Drug"
"Clotrimazole","D003022","23593-75-1","DB00257","PA449057","Drug"
"Cloxacillin","D003023","61-72-3","DB01147","PA449059","Drug"
"Clozapine","D003024","5786-21-0","DB00363","PA449061","Drug"
"Cocaine","D003042","50-36-2","DB00907","PA449072","Drug"
"Codeine","D003061","76-57-3","DB00318","PA449088","Prodrug"
"Colchicine","D003078","64-86-8","DB01394","PA449092","Drug"
"Colesevelam Hydrochloride","D000069472",NA,"DB00930","PA449095","Drug"
"Colestipol","D003084","50925-79-6","DB00375","PA449096","Drug"
"Colforsin","D005576","138605-00-2","DB02587","PA146096022","Drug"
"Colistin","D003091","1066-17-7","DB00803","PA164760862","Drug"
"colistinmethanesulfonic acid","C004691","12705-41-8","DB01111","PA164749509","Drug"
"conivaptan","C106389",NA,"DB00872","PA164742939","Drug"
"Cosyntropin","D003366","16960-16-0","DB01284","PA164749052","Drug"
"Creatine","D003401","57-00-1","DB00148","PA164778930","Drug"
"Cromolyn Sodium","D004205","15826-37-6","DB01003","PA449138","Drug"
"crotamiton","C005553","483-63-6","DB00265","PA164745460","Drug"
"Cyclacillin","D003493","3485-14-1","DB01000","PA164743456","Drug"
"Cyclandelate","D003495",NA,"DB04838","PA164748026","Drug"
"Cyclizine","D003501","82-92-8","DB01176","PA164742937","Drug"
"cyclobenzaprine","C004704","303-53-7","DB00924","PA449160","Drug"
"Cyclopentolate","D003519","512-15-2","DB00979","PA164743019","Drug"
"Cyclophosphamide","D003520","50-18-0","DB00531","PA449165","Prodrug"
"Cycloserine","D003523","68-41-7","DB00260","PA164764600","Drug"
"Cyclosporine","D016572","59865-13-3","DB00091","PA449167","Drug"
"cyclothiazide","C004639","2259-96-3","DB00606","PA449168","Drug"
"cycrimine","C012262","126-02-3","DB00942","PA164749387","Drug"
"Cyproheptadine","D003533","129-03-3","DB00434","PA164749366","Drug"
"Cyproterone Acetate","D017373","427-51-0","DB04839","PA10049","Drug"
"Cysteamine","D003543","60-23-1","DB00847","PA449171","Drug"
"Cysteine","D003545","52-90-4","DB00151","PA449173","Drug"
"Cystine","D003553","56-89-3","DB00138","PA449176","Drug"
"Cytarabine","D003561","147-94-4","DB00987","PA449177","Drug"
"Dacarbazine","D003606","4/3/4342","DB00851","PA449197","Drug"
"Dactinomycin","D003609","50-76-0","DB00970","PA151917012","Drug"
"dalfopristin","C113826",NA,"DB01764","PA164746234","Drug"
"Danazol","D003613","17230-88-5","DB01406","PA164749056","Drug"
"Dantrolene","D003620","7261-97-4","DB01219","PA449208","Drug"
"dapiprazole","C035289","72822-12-9","DB00298","PA164749109","Drug"
"Dapsone","D003622","80-08-0","DB00250","PA449211","Drug"
"Daptomycin","D017576","103060-53-3","DB00080","PA164768820","Drug"
"darifenacin","C101207","133099-04-4","DB00496","PA164774901","Drug"
"Darunavir","D000069454",NA,"DB01264","PA163522472","Drug"
"Dasatinib","D000069439",NA,"DB01254","PA162372878","Drug"
"Daunorubicin","D003630","20830-81-3","DB00694","PA449212","Drug"
"Deamino Arginine Vasopressin","D003894","16679-58-6","DB00035","PA449237","Drug"
"Debrisoquin","D003647","1131-64-2","DB04840","PA452616","Drug"
"decamethonium","C033019","156-74-1","DB01245","PA164747980","Drug"
"Decitabine","D000077209","2353-33-5","DB01262","PA164749631","Drug"
"Deferasirox","D000077588",NA,"DB01609","PA164760843","Drug"
"Deferoxamine","D003676","70-51-9","DB00746","PA164746490","Drug"
"defibrotide","C036901","83712-60-1","DB04932","PA164749105","Drug"
"Dehydroepiandrosterone","D003687","53-43-0","DB01708","PA451993","Drug"
"Delavirdine","D020008","136817-59-9","DB00705","PA449223","Drug"
"demecarium","C100193",NA,"DB00944","PA164745610","Drug"
"Demeclocycline","D003707","127-33-3","DB00618","PA164745513","Drug"
"denileukin diftitox","C078456","173146-27-5","DB00004","PA164750594","Drug"
"deoxycortone pivalate","C019323","808-48-0","DB01134","PA449245","Drug"
"deserpidine","C100104","131-01-1","DB01089","PA164742966","Drug"
"Desflurane","D000077335",NA,"DB01189","PA164749136","Drug"
"Desipramine","D003891","50-47-5","DB01151","PA449233","Drug,Metabolite"
"Deslanoside","D003892","17598-65-1","DB01078","PA164747478","Drug"
"desloratadine","C121345",NA,"DB00967","PA164776964","Drug"
"Desogestrel","D017135","54024-22-5","DB00304","PA449238","Drug"
"Desonide","D003898","638-94-8","DB01260","PA164776996","Drug"
"Desoximetasone","D003899","382-67-2","DB00547","PA164746011","Drug"
"Desvenlafaxine Succinate","D000069468",NA,"DB06700","PA165958374","Drug,Metabolite"
"Dexamethasone","D003907","50-02-2","DB01234","PA449247","Drug"
"dexbrompheniramine","C015121","132-21-8","DB00405","PA164746251","Drug"
"Dexfenfluramine","D020372","3239-44-9","DB01191","PA164747936","Drug"
"Dexmedetomidine","D020927","113775-47-6","DB00633","PA449256","Drug"
"Dexmethylphenidate Hydrochloride","D064699",NA,"DB06701","PA10054","Drug"
"Dexrazoxane","D064730",NA,"DB00380","PA449259","Drug"
"Dextroamphetamine","D003913","51-64-9","DB01576","PA449269","Drug"
"Dextromethorphan","D003915","125-71-3","DB00514","PA449273","Drug"
"Dextropropoxyphene","D011431","469-62-5","DB00647","PA451142","Drug"
"Dextrothyroxine","D003918","51-49-0","DB00509","PA164752444","Drug"
"dezocine","C010827","53648-55-8","DB01209","PA164746059","Drug"
"Diatrizoate","D003973","117-96-4","DB00271","PA449281","Drug"
"Diazepam","D003975","439-14-5","DB00829","PA449283","Drug"
"Diazoxide","D003981","364-98-7","DB01119","PA449285","Drug"
"Dibucaine","D003992","85-79-0","DB00527","PA449286","Drug"
"Dichloroacetic Acid","D003999","79-43-6","DB08809","PA165947835","Drug"
"Dichlorphenamide","D004005","120-97-8","DB01144","PA164745512","Drug"
"Diclofenac","D004008","15307-86-5","DB00586","PA449293","Drug"
"Dicloxacillin","D004009","3116-76-5","DB00485","PA164749649","Drug"
"Dicumarol","D001728","66-76-2","DB00266","PA449298","Drug"
"Dicyclomine","D004025","77-19-0","DB00804","PA164744928","Drug"
"Didanosine","D016049","69655-05-6","DB00900","PA449301","Drug"
"Dienestrol","D004028","84-17-3","DB00890","PA164745534","Drug"
"Diethylcarbamazine","D004049","90-89-1","DB00711","PA164748883","Drug"
"Diethylpropion","D004053","90-84-6","DB00937","PA164778098","Drug"
"Diethylstilbestrol","D004054","56-53-1","DB00255","PA449307","Drug"
"diflorasone","C014477",NA,"DB00223","PA164749408","Drug"
"Diflunisal","D004061","22494-42-4","DB00861","PA449313","Drug"
"difluprednate","C015808","23674-86-4","DB06781","PA165958405","Drug"
"Digitoxin","D004074","71-63-6","DB01396","PA449316","Drug"
"Digoxin","D004077","20830-75-5","DB00390","PA449319","Drug"
"Dihematoporphyrin Ether","D017323","97067-70-4","DB00707","PA164752658","Drug"
"Dihydroergotamine","D004087","511-12-6","DB00320","PA164743028","Drug"
"Dihydrotachysterol","D004097","67-96-9","DB01070","PA164744345","Drug"
"Diltiazem","D004110","42399-41-7","DB00343","PA449334","Drug"
"Dimenhydrinate","D004111","523-87-5","DB00985","PA449338","Drug"
"Dimercaprol","D004112","59-52-9","DB06782","PA165958406","Drug"
"Dimethindene","D004115","5636-83-9","DB08801","PA165958420","Drug"
"Dimethyl Sulfoxide","D004121","67-68-5","DB01093","PA449342","Drug"
"Dinoprostone","D015232","363-24-6","DB00917","PA449345","Drug,Biological Intermediate"
"dinoprost tromethamine","C010714",NA,"DB01160","PA164781385","Drug"
"Diphenhydramine","D004155","58-73-1","DB01075","PA449349","Drug"
"diphenidol","C004858","972-02-1","DB01231","PA164746037","Drug"
"Diphenoxylate","D004157","915-30-0","DB01081","PA164746539","Drug"
"diphenylpyraline","C009871","147-20-6","DB01146","PA164746377","Drug"
"dipivefrin","C015173","52365-63-6","DB00449","PA449364","Drug"
"Dipyridamole","D004176","58-32-2","DB00975","PA449367","Drug"
"dirithromycin","C053853",NA,"DB00954","PA449368","Drug"
"Disopyramide","D004206","5/9/3737","DB00280","PA449373","Drug"
"Disulfiram","D004221","97-77-8","DB00822","PA449376","Drug"
"Dobutamine","D004280","34368-04-2","DB00841","PA449381","Drug"
"Docetaxel","D000077143",NA,"DB01248","PA449383","Drug"
"docosanol","C529236",NA,"DB00632","PA164749211","Drug"
"dofetilide","C063533","115256-11-6","DB00204","PA449389","Drug"
"dolasetron","C060344",NA,"DB00757","PA449390","Drug"
"Domperidone","D004294","57808-66-9","DB01184","PA134711056","Drug"
"Donepezil","D000077265","120011-70-3","DB00843","PA449394","Drug"
"Dopamine","D004298","51-61-6","DB00988","PA449396","Drug,Biological Intermediate"
"dorzolamide","C062765","130693-82-2","DB00869","PA164748765","Drug"
"doxacurium","C049429","106819-53-8","DB01135","PA164744927","Drug"
"Doxapram","D004315","309-29-5","DB00561","PA164784026","Drug"
"Doxazosin","D017292","74191-85-8","DB00590","PA449407","Drug"
"Doxepin","D004316","1668-19-5","DB01142","PA449409","Drug"
"Doxorubicin","D004317","23214-92-8","DB00997","PA449412","Drug"
"Doxycycline","D004318","564-25-0","DB00254","PA449415","Drug"
"Doxylamine","D004319","469-21-6","DB00366","PA449419","Drug"
"dromostanolone","C100263","58-19-5","DB00858","PA164760855","Drug"
"Dronabinol","D013759",NA,"DB00470","PA449421","Drug"
"Droperidol","D004329","548-73-2","DB00450","PA449422","Drug"
"drospirenone","C035144","67392-87-4","DB01395","PA164749409","Drug"
"drotaverin","C005317","14009-24-6","DB06751","PA165958398","Drug"
"Droxidopa","D015103","23651-95-8","DB06262","PA164748386","Drug"
"Duloxetine Hydrochloride","D000068736","136434-34-9","DB00476","PA10066","Drug"
"Dutasteride","D000068538",NA,"DB01126","PA164749300","Drug"
"dyclonine","C100063","586-60-7","DB00645","PA164748037","Drug"
"Dydrogesterone","D004394","152-62-5","DB00378","PA164745443","Drug"
"Dyphylline","D004400","479-18-5","DB00651","PA164748027","Drug"
"Econazole","D004464","27220-47-9","DB01127","PA164746010","Drug"
"Edetic Acid","D004492","60-00-4","DB00974","PA449439","Drug"
"Edrophonium","D004491","312-48-1","DB01010","PA449437","Drug"
"efavirenz","C098320","154635-17-3","DB00625","PA449441","Drug"
"eletriptan","C115647",NA,"DB00216","PA134687947","Drug"
"emedastine","C043345","87233-61-2","DB01084","PA164751802","Drug"
"Enalapril","D004656","75847-73-3","DB00584","PA449456","Drug"
"Encainide","D016700","66778-36-7","DB01228","PA449459","Drug"
"Enflurane","D004737","13838-16-9","DB00228","PA449461","Drug"
"Enfuvirtide","D000077560",NA,"DB00109","PA164744517","Drug"
"Enoxacin","D015365","74011-58-8","DB00467","PA449462","Drug"
"Enoximone","D017335","77671-31-9","DB04880","PA164768794","Drug"
"enprofylline","C034347","41078-02-8","DB00824","PA164749350","Drug"
"entacapone","C071192","116314-67-1","DB00494","PA164748726","Drug"
"entecavir","C413685",NA,"DB00442","PA164784025","Drug"
"Ephedrine","D004809","299-42-3","DB01364","PA449466","Drug"
"epinastine","C053090","80012-43-7","DB00751","PA164764489","Drug"
"Epinephrine","D004837","51-43-4","DB00668","PA449470","Drug"
"Epirubicin","D015251","56420-45-2","DB00445","PA449476","Drug"
"Epoprostenol","D011464","35121-78-9","DB01240","PA449479","Drug,Biological Intermediate"
"eprosartan","C068373",NA,"DB00876","PA449481","Drug"
"Eptifibatide","D000077542",NA,"DB00063","PA449483","Drug"
"Ergocalciferols","D004872",NA,"DB00153","PA449484","Drug"
"Ergoloid Mesylates","D004877","8067-24-1","DB01049","PA164752439","Drug"
"Ergonovine","D004874","60-79-7","DB01253","PA449487","Drug"
"Ergotamine","D004878","113-15-5","DB00696","PA164747651","Drug"
"Erlotinib Hydrochloride","D000069347",NA,"DB00530","PA134687924","Drug"
"Ertapenem","D000077727",NA,"DB00303","PA164777032","Drug"
"Erythrityl Tetranitrate","D004897","7297-25-8","DB01613","PA164746528","Drug"
"Erythromycin","D004917","114-07-8","DB00199","PA449493","Drug"
"Erythropoietin","D004921","11096-26-7","DB00016","PA10072","Drug"
"esmolol","C036604","84057-94-3","DB00187","PA449500","Drug"
"Esomeprazole","D064098",NA,"DB00736","PA10075","Drug,Metabolite"
"Estazolam","D004949","29975-16-4","DB01215","PA449502","Drug"
"Estramustine","D004961","2998-57-4","DB01196","PA449507","Drug"
"Estriol","D004964","50-27-1","DB04573","PA164769104","Drug"
"Estrone","D004970","53-16-7","DB00655","PA449512","Drug,Biological Intermediate"
"estrone sulfate","C017296","481-97-0","DB04574","PA165958342","Drug"
"Eszopiclone","D000069582",NA,"DB00402","PA162630444","Drug"
"Ethacrynic Acid","D004976","58-54-8","DB00903","PA449518","Drug"
"Ethambutol","D004977","74-55-5","DB00330","PA164784021","Drug"
"Ethanol","D000431","64-17-5","DB00898","PA448073","Drug"
"ethanolamine oleate","C033343","3282-75-5","DB06689","PA164746758","Drug"
"Ethchlorvynol","D004984","113-18-8","DB00189","PA164746383","Drug"
"ethinamate","C100198","126-52-3","DB01031","PA164745394","Drug"
"Ethinyl Estradiol","D004997","57-63-6","DB00977","PA449527","Drug"
"Ethiodized Oil","D004998","8008-53-5","DB00965","PA164768833","Drug"
"Ethionamide","D005000","536-33-4","DB00609","PA164768738","Drug"
"Ethosuximide","D005013","77-67-8","DB00593","PA449533","Drug"
"ethotoin","C084606",NA,"DB00754","PA164768735","Drug"
"Ethoxzolamide","D005016","452-35-7","DB00311","PA164754743","Drug"
"Ethynodiol Diacetate","D005040","297-76-7","DB00823","PA164749157","Drug"
"Etidronic Acid","D012968","2809-21-4","DB01077","PA449548","Drug"
"Etodolac","D017308","41340-25-4","DB00749","PA449550","Drug"
"Etomidate","D005045","33125-97-2","DB00292","PA164743987","Drug"
"etonogestrel","C044815",NA,"DB00294","PA164771231","Drug"
"Etoposide","D005047","33419-42-0","DB00773","PA449552","Drug"
"Etoricoxib","D000077613","202409-33-4","DB01628","PA164776853","Drug"
"Etretinate","D005050","54350-48-0","DB00926","PA449554","Drug"
"Everolimus","D000068338",NA,"DB01590","PA164746311","Drug"
"exemestane","C056516","107868-30-4","DB00990","PA449563","Drug"
"Exenatide","D000077270","141732-76-5","DB01276","PA164749238","Drug"
"Ezetimibe","D000069438",NA,"DB00973","PA10816","Drug"
"Famciclovir","D000077595","104227-87-4","DB00426","PA449585","Drug"
"Famotidine","D015738","76824-35-6","DB00927","PA449586","Drug"
"Felbamate","D000078328","25451-15-4","DB00949","PA449590","Drug"
"Felodipine","D015736","72509-76-3","DB01023","PA449591","Drug"
"Felypressin","D005259","56-59-7","DB00093","PA164744374","Drug"
"fencamfamine","C020900","1209-98-9","DB01463","PA164747055","Drug"
"Fenfluramine","D005277","458-24-2","DB00574","PA449592","Drug"
"Fenofibrate","D011345","49562-28-9","DB01039","PA449594","Drug"
"Fenoldopam","D018818","67227-56-9","DB00800","PA164784034","Drug"
"Fenoprofen","D005279","31879-05-7","DB00573","PA449597","Drug"
"Fenoterol","D005280","13392-18-2","DB01288","PA10079","Drug"
"Fentanyl","D005283","437-38-7","DB00813","PA449599","Drug"
"fesoterodine","C526675","286930-03-8","DB06702","PA165958376","Drug"
"Fibroblast Growth Factor 7","D051523","126469-10-1","DB00039","PA164744014","Drug"
"Filgrastim","D000069585",NA,"DB00099","PA449626","Drug"
"Finasteride","D018120","98319-26-7","DB01216","PA449627","Drug"
"Flavoxate","D005422","15301-69-6","DB01148","PA164781386","Drug"
"Flecainide","D005424","54143-55-4","DB01195","PA449646","Drug"
"Fleroxacin","D016576","79660-72-3","DB04576","PA164774762","Drug"
"Floxacillin","D005436","5250-39-5","DB00301","PA164781042","Drug"
"Fluconazole","D015725","86386-73-4","DB00196","PA449653","Drug"
"Flucytosine","D005437","2022-85-7","DB01099","PA449654","Drug"
"fludarabine","C024352","21679-14-1","DB01073","PA449655","Drug"
"fludiazepam","C006107","3900-31-0","DB01567","PA164745609","Drug"
"Fludrocortisone","D005438","127-31-1","DB00687","PA164743961","Drug"
"Flumazenil","D005442","78755-81-4","DB01205","PA449659","Drug"
"Flumethasone","D005443","2135-17-3","DB00663","PA164749388","Drug"
"Flunarizine","D005444","52468-60-7","DB04841","PA164776636","Drug"
"flunisolide","C007734",NA,"DB00180","PA449661","Drug"
"Flunitrazepam","D005445","1622-62-4","DB01544","PA164781320","Drug"
"Fluocinolone Acetonide","D005446","67-73-2","DB00591","PA164754912","Drug"
"Fluocinonide","D005447","356-12-7","DB01047","PA449664","Drug"
"Fluorescein","D019793",NA,"DB00693","PA164746009","Drug"
"Fluorometholone","D005469","426-13-1","DB00324","PA164781355","Drug"
"Fluorouracil","D005472","51-21-8","DB00544","PA128406956","Drug"
"Fluoxetine","D005473","54910-89-3","DB00472","PA449673","Drug"
"Fluoxymesterone","D005474","76-43-7","DB01185","PA164744518","Drug"
"Flupenthixol","D005475","2709-56-0","DB00875","PA10268","Drug"
"Fluphenazine","D005476","69-23-8","DB00623","PA449676","Drug"
"flupirtine","C034161","56995-20-1","DB06623","PA166152829","Drug"
"Flurandrenolone","D005478","1524-88-5","DB00846","PA164750513","Drug"
"Flurazepam","D005479","17617-23-1","DB00690","PA449681","Drug"
"Flurbiprofen","D005480","5104-49-4","DB00712","PA449683","Drug"
"Fluspirilene","D005484","1841-19-6","DB04842","PA162565878","Drug"
"Flutamide","D005485","13311-84-7","DB00499","PA449685","Drug"
"Fluvastatin","D000077340","93957-54-1","DB01095","PA449688","Drug"
"Fluvoxamine","D016666","54739-18-3","DB00176","PA449690","Drug"
"Folic Acid","D005492","59-30-3","DB00158","PA449692","Drug"
"Follicle Stimulating Hormone","D005640","9002-68-0","DB00066","PA449693","Drug"
"Fomepizole","D000077604","7554-65-6","DB01213","PA449697","Drug"
"Fondaparinux","D000077425",NA,"DB00569","PA164746297","Drug"
"forasartan","C084927","145216-43-9","DB01342","PA164776845","Drug"
"Formaldehyde","D005557","50-00-0","DB03843","PA449703","Drug"
"formic acid","C030544",NA,"DB01942","PA449705","Drug"
"fosamprenavir","C426859",NA,"DB01319","PA10084","Drug"
"fosaprepitant","C579707",NA,"DB06717","PA165958390","Drug"
"Foscarnet","D017245","4428-95-9","DB00529","PA449706","Drug"
"Fosfomycin","D005578","23155-02-4","DB00828","PA164748039","Drug"
"Fosinopril","D017328","98048-97-6","DB00492","PA449710","Drug"
"fosphenytoin","C043114","93390-81-9","DB01320","PA164746820","Drug"
"fospropofol","C472965",NA,"DB06716","PA165958389","Drug"
"Framycetin","D005601","119-04-0","DB00452","PA164743181","Drug"
"frovatriptan","C108128",NA,"DB00998","PA164754891","Drug"
"Fructose","D005632","30237-26-4","DB04173","PA449716","Drug,Biological Intermediate"
"Fulvestrant","D000077267","129453-61-8","DB00947","PA164747170","Drug"
"Furazolidone","D005664","67-45-8","DB00614","PA164746760","Drug"
"Furosemide","D005665","54-31-9","DB00695","PA449719","Drug"
"Fusidic Acid","D005672","3/6/6990","DB02703","PA164749648","Drug"
"Gabapentin","D000077206",NA,"DB00996","PA449720","Drug"
"gadobenic acid","C064572","113662-23-0","DB00743","PA164745426","Drug"
"gadobutrol","C090600",NA,"DB06703","PA165958377","Drug"
"gadodiamide","C064925",NA,"DB00225","PA164784027","Drug"
"gadofosveset trisodium","C109932",NA,"DB06705","PA165958378","Drug"
"Gadolinium DTPA","D019786","80529-93-7","DB00789","PA164748760","Drug"
"gadoteridol","C062402","112188-16-6","DB00597","PA164746463","Drug"
"gadoversetamide","C112666",NA,"DB00538","PA164743703","Drug"
"Galantamine","D005702","357-70-0","DB00674","PA449726","Drug"
"gallium nitrate","C027235","13494-90-1","DB05260","PA164781198","Drug"
"Ganciclovir","D015774","82410-32-0","DB01004","PA449733","Drug"
"Gatifloxacin","D000077734","112811-59-3","DB01044","PA449738","Drug"
"Gefitinib","D000077156",NA,"DB00317","PA131301952","Drug"
"gemcitabine","C056507","103882-84-4","DB00441","PA449748","Prodrug"
"Gemfibrozil","D015248","25812-30-0","DB01241","PA449750","Drug"
"Gemifloxacin","D000077735","175463-14-6","DB01155","PA10088","Drug"
"Gemtuzumab","D000079982",NA,"DB00056","PA164749431","Drug"
"Gentamicins","D005839",NA,"DB00798","PA449753","Drug"
"Gestodene","C033273","60282-87-3","DB06730","PA165958397","Drug"
"Gliclazide","D005907","21187-98-4","DB01120","PA10892","Drug"
"glimepiride","C057619",NA,"DB00222","PA449761","Drug"
"Glipizide","D005913","29094-61-9","DB01067","PA449762","Drug"
"gliquidone","C010969",NA,"DB01251","PA164744895","Drug"
"glisoxepide","C100171",NA,"DB01289","PA164743233","Drug"
"Glucagon","D005934","9007-92-5","DB00040","PA164779052","Drug"
"Glucosamine","D005944","3416-24-8","DB01296","PA164747613","Drug"
"glucuronyl glucosamine glycan sulfate","C007858",NA,"DB06271","PA164746343","Drug"
"Glutamic Acid","D018698","56-86-0","DB00142","PA449776","Drug"
"Glutethimide","D005984","77-21-4","DB01437","PA164749505","Drug"
"Glyburide","D005905","10238-21-8","DB01016","PA449782","Drug"
"Glycine","D005998","56-40-6","DB00145","PA449789","Drug,Biological Intermediate"
"glymidine","C073263","339-44-6","DB01382","PA164748839","Drug"
"Gonadotropin-Releasing Hormone","D007987","33515-09-2","DB00644","PA449801","Drug"
"Goserelin","D017273","65807-02-5","DB00014","PA164747674","Drug"
"Gramicidin","D006096","1405-97-6","DB00027","PA449808","Drug"
"Granisetron","D017829","109889-09-0","DB00889","PA449809","Drug"
"grepafloxacin","C075375","119914-60-2","DB00365","PA449812","Drug"
"Griseofulvin","D006118","126-07-8","DB00400","PA449814","Drug"
"Guaifenesin","D006140","93-14-1","DB00874","PA449818","Drug"
"Guanabenz","D006143","5051-62-7","DB00629","PA164774903","Drug"
"guanadrel","C004945","40580-59-4","DB00226","PA164745308","Drug"
"Guanethidine","D006145","55-65-2","DB01170","PA449823","Drug"
"Guanfacine","D016316","29110-47-2","DB01018","PA449825","Drug"
"Guanidine","D019791","113-00-8","DB00536","PA164781028","Drug"
"halazepam","C010175",NA,"DB00801","PA164746526","Drug"
"halobetasol","C064466",NA,"DB00596","PA164768832","Drug"
"halofantrine","C023768","36167-63-2","DB01218","PA449839","Drug"
"Haloperidol","D006220","52-86-8","DB00502","PA449841","Drug"
"haloprogin","C100276",NA,"DB00793","PA164768737","Drug"
"Halothane","D006221","151-67-7","DB01159","PA449845","Drug"
"heptabarbital","C084640","509-86-4","DB01354","PA164783812","Drug"
"Heroin","D003932","561-27-3","DB01452","PA452619","Drug"
"hesperetin","C013015","520-33-2","DB01094","PA164742902","Drug"
"Hesperidin","D006569","520-26-3","DB04703","PA449867","Drug"
"hetacillin","C100115","3511-16-8","DB00739","PA164746559","Drug"
"Hexachlorocyclohexane","D001556",NA,"DB00431","PA164754914","Drug"
"Hexachlorophene","D006582",NA,"DB00756","PA449871","Drug"
"hexafluorenium","C005034","4/10/4844","DB00941","PA164743020","Drug"
"Hexobarbital","D006591","56-29-1","DB01355","PA449875","Drug"
"hexylcaine","C004954","532-77-4","DB00473","PA164746489","Drug"
"Histidine","D006639","71-00-1","DB00117","PA449882","Drug"
"homatropine methylbromide","C056244","80-49-9","DB00725","PA164749405","Drug"
"Hyaluronic Acid","D006820","9004-61-9","DB08818","PA165958431","Drug"
"Hydralazine","D006830","86-54-4","DB01275","PA449894","Drug"
"Hydrochlorothiazide","D006852","58-93-5","DB00999","PA449899","Drug"
"Hydrocodone","D006853","125-29-1","DB00956","PA449900","Drug"
"Hydrocortisone","D006854","50-23-7","DB00741","PA449905","Drug"
"Hydroflumethiazide","D006857","135-09-1","DB00774","PA164752557","Drug"
"Hydromorphone","D004091","466-99-9","DB00327","PA449918","Drug"
"Hydroxocobalamin","D006879","13422-51-0","DB00200","PA164768689","Drug"
"Hydroxychloroquine","D006886","118-42-3","DB01611","PA164777036","Drug"
"hydroxypropylcellulose","C008079","9004-64-2","DB00840","PA164746492","Drug"
"Hydroxyurea","D006918","127-07-1","DB01005","PA449942","Drug"
"Hydroxyzine","D006919","68-88-2","DB00557","PA449943","Drug"
"Hyoscyamine","D064692","101-31-5","DB00424","PA164776844","Drug"
"Ibandronic Acid","D000077557","114084-78-5","DB00710","PA10270","Drug"
"ibudilast","C038366","50847-11-5","DB05266","PA165958351","Drug"
"Ibuprofen","D007052","15687-27-1","DB01050","PA449957","Drug"
"ibutilide","C067192","130350-52-6","DB00308","PA449958","Drug"
"icatibant","C065679","130308-48-4","DB06196","PA164749185","Drug"
"Icodextrin","D000077607",NA,"DB00702","PA164743096","Drug"
"Idarubicin","D015255","58957-92-9","DB01177","PA449961","Drug"
"Idoxuridine","D007065","54-42-2","DB00249","PA164781019","Drug"
"Ifosfamide","D007069","3778-73-2","DB01181","PA449964","Drug"
"Iloprost","D016285","78919-13-8","DB01088","PA164746843","Drug"
"Imatinib Mesylate","D000068877",NA,"DB00619","PA10804","Drug"
"Imipenem","D015378","74431-23-5","DB01598","PA449968","Drug"
"Imipramine","D007099","50-49-7","DB00458","PA449969","Drug"
"Imiquimod","D000077271","99011-02-6","DB00724","PA449972","Drug"
"indacaterol","C510790",NA,"DB05039","PA165958348","Drug"
"Indapamide","D007190","26807-65-8","DB00808","PA449975","Drug"
"indecainide","C042398","74517-78-5","DB00192","PA164754881","Drug"
"Indinavir","D019469","150378-17-9","DB00224","PA449977","Drug"
"Indomethacin","D007213","53-86-1","DB00328","PA449982","Drug"
"Insulin Aspart","D061267",NA,"DB01306","PA164784029","Drug"
"Insulin Detemir","D000069057",NA,"DB01307","PA164746470","Drug"
"Insulin Glargine","D000069036",NA,"DB00047","PA165958341","Drug"
"insulin glulisine","C479079","207748-29-6","DB01309","PA164760859","Drug"
"Insulin Lispro","D061268",NA,"DB00046","PA164745627","Drug"
"interferon alfacon-1","C050739","118390-30-0","DB00069","PA164749376","Drug"
"interferon alfa-n1","C554150",NA,"DB00011","PA164746538","Drug"
"Interferon Alfa-n3","C554126",NA,"DB00018","PA164746228","Drug"
"Interferon alpha-2","D000077190",NA,"DB00105","PA164783990","Drug"
"Interferon beta-1a","D000068556",NA,"DB00060","PA450037","Drug"
"Interferon beta-1b","D000068576","145155-23-3","DB00068","PA450039","Drug"
"interferon gamma-1b","C554125",NA,"DB00033","PA164746386","Drug"
"Interleukin 1 Receptor Antagonist Protein","D053590",NA,"DB00026","PA10799","Drug"
"Inulin","D007444","9005-80-5","DB00638","PA450043","Drug"
"Iodipamide","D007458","606-17-7","DB04711","PA164745532","Drug"
"iodixanol","C044834","92339-11-2","DB01249","PA164783998","Drug"
"Iohexol","D007472","66108-95-0","DB01362","PA450061","Drug"
"Iophendylate","D007481","99-79-6","DB01187","PA164743143","Drug"
"Ipratropium","D009241","60205-81-4","DB00332","PA450082","Drug"
"Irbesartan","D000077405","138402-11-6","DB01029","PA450084","Drug"
"Iron","D007501","7439-89-6","DB01592","PA450087","Drug"
"Iron-Dextran Complex","D007505","9004-66-4","DB00893","PA164764618","Drug"
"Isocarboxazid","D007520","59-63-2","DB01247","PA450101","Drug"
"Isoetharine","D007528","530-08-5","DB00221","PA450103","Drug"
"Isoflurane","D007530","26675-46-7","DB00753","PA450106","Drug"
"Isoflurophate","D007531","55-91-4","DB00677","PA164748933","Drug"
"Isoleucine","D007532","73-32-5","DB00167","PA164750430","Drug"
"isometheptene","C008192","503-01-5","DB06706","PA165958379","Drug"
"Isoniazid","D007538","54-85-3","DB00951","PA450112","Drug"
"Isoproterenol","D007545","7683-59-2","DB01064","PA450121","Drug"
"isosorbide-5-mononitrate","C030397","16051-77-7","DB01020","PA450126","Drug"
"Isosorbide Dinitrate","D007548","87-33-2","DB00883","PA450125","Drug"
"isothipendyl","C008214","482-15-5","DB08802","PA165958421","Drug"
"Isotretinoin","D015474","4759-48-2","DB00982","PA450128","Drug"
"Isradipine","D017275","75695-93-1","DB00270","PA450131","Drug"
"Itraconazole","D017964","84625-61-6","DB01167","PA450132","Drug"
"ivacaftor","C545203",NA,"DB08820","PA165950341","Drug"
"Ivermectin","D007559","70288-86-7","DB00602","PA450133","Drug"
"ixabepilone","C430592","219989-84-1","DB04845","PA165110439","Drug"
"Josamycin","D015570","16846-24-5","DB01321","PA164749133","Drug"
"Kanamycin","D007612","59-01-8","DB01172","PA450137","Drug"
"Kaolin","D007616","1332-58-7","DB01575","PA10457","Drug"
"Ketamine","D007649","6740-88-1","DB01221","PA450144","Drug"
"ketazolam","C002072","27223-35-4","DB01587","PA164749385","Drug"
"Ketoconazole","D007654","65277-42-1","DB01026","PA450146","Drug"
"Ketoprofen","D007660","22071-15-4","DB01009","PA450149","Drug"
"Ketorolac","D020910","66635-83-4","DB00465","PA450150","Drug"
"Ketotifen","D007665","34580-13-7","DB00920","PA450152","Drug"
"Labetalol","D007741","36894-69-6","DB00598","PA164743150","Drug"
"Lactose","D007785",NA,"DB04465","PA450161","Drug"
"Lactulose","D007792","4618-18-2","DB00581","PA164748762","Drug"
"Lamivudine","D019259","134678-17-4","DB00709","PA450163","Prodrug"
"Lamotrigine","D000077213","84057-84-1","DB00555","PA450164","Drug"
"Lansoprazole","D064747",NA,"DB00448","PA450180","Drug"
"Lapatinib","D000077341",NA,"DB01259","PA152241907","Drug"
"Latanoprost","D000077338","130209-82-4","DB00654","PA164774763","Drug"
"Leflunomide","D000077339","75706-12-6","DB01097","PA450192","Drug"
"Lenalidomide","D000077269","191732-72-6","DB00480","PA162363968","Drug"
"lepirudin","C083544",NA,"DB00001","PA450195","Drug"
"lercanidipine","C060343","100427-26-7","DB00528","PA164769058","Drug"
"Letrozole","D000077289","112809-51-5","DB01006","PA450196","Drug"
"Leucine","D007930","61-90-5","DB00149","PA450197","Drug"
"Leucovorin","D002955","58-05-9","DB00650","PA450198","Drug,Biological Intermediate"
"Leuprolide","D016729","53714-56-0","DB00007","PA450203","Drug"
"Levallorphan","D007977","152-02-3","DB00504","PA164749284","Drug"
"Levamisole","D007978","14769-73-4","DB00848","PA450205","Drug"
"Levobunolol","D002040","47141-42-4","DB01210","PA164747027","Drug"
"Levobupivacaine","D000077554",NA,"DB01002","PA164754741","Drug"
"levocabastine","C047340","79516-68-0","DB01106","PA164742988","Drug"
"Levodopa","D007980",NA,"DB01235","PA450213","Drug"
"Levofloxacin","D064704","100986-85-4","DB01137","PA450214","Drug"
"Levonorgestrel","D016912","797-63-7","DB00367","PA450218","Drug"
"Levorphanol","D007981","77-07-6","DB00854","PA164744368","Drug"
"Lidocaine","D008012","137-58-6","DB00281","PA450226","Drug"
"Lincomycin","D008034","154-21-2","DB01627","PA164749212","Drug"
"Linezolid","D000069349",NA,"DB00601","PA450233","Drug"
"Liraglutide","D000069450",NA,"DB06655","PA165958364","Drug"
"Lisdexamfetamine Dimesylate","D000069478",NA,"DB01255","PA164748975","Drug"
"Lisinopril","D017706","83915-83-7","DB00722","PA450242","Drug"
"Lisuride","D008090","18016-80-3","DB00589","PA164749019","Drug"
"Lithium","D008094","7439-93-2","DB01356","PA450243","Drug"
"lofexidine","C025655","31036-80-3","DB04948","PA164744510","Drug"
"lomefloxacin","C053091","98079-51-7","DB00978","PA164749165","Drug"
"Lomustine","D008130","13010-47-4","DB01206","PA164749407","Drug"
"Loperamide","D008139","53179-11-6","DB00836","PA450262","Drug"
"Lopinavir","D061466",NA,"DB01601","PA450264","Drug"
"loracarbef","C054920",NA,"DB00447","PA164754806","Drug"
"Loratadine","D017336","79794-75-5","DB00455","PA450266","Drug"
"Lorazepam","D008140","846-49-1","DB00186","PA450267","Drug"
"lornoxicam","C059451","70374-39-9","DB06725","PA165958395","Drug"
"Losartan","D019808","114798-26-4","DB00678","PA450268","Drug"
"Lovastatin","D008148","75330-75-5","DB00227","PA450272","Drug"
"Loxapine","D008152","2/10/1977","DB00408","PA450273","Drug"
"Lubiprostone","D000068238",NA,"DB01046","PA164777012","Drug"
"Lucanthone","D008154","479-50-5","DB04967","PA164748783","Drug"
"Lumefantrine","D000078102","82186-77-4","DB06708","PA165111722","Drug"
"lumiracoxib","C473384",NA,"DB01283","PA164769031","Drug"
"Lymecycline","D008194","992-21-2","DB00256","PA164747190","Drug"
"Lysine","D008239","56-87-1","DB00123","PA450280","Drug"
"Magnesium Oxide","D008277","1309-48-4","DB01377","PA450298","Drug"
"Magnesium Sulfate","D008278","7487-88-9","DB00653","PA450302","Drug"
"Malathion","D008294","121-75-5","DB00772","PA164748092","Drug"
"Mannitol","D008353","69-65-8","DB00742","PA450320","Drug"
"Maprotiline","D008376","10262-69-8","DB00934","PA450322","Drug"
"Maraviroc","D000077592",NA,"DB04835","PA164768835","Drug"
"marimastat","C100342",NA,"DB00786","PA164748329","Drug"
"Masoprocol","D009637",NA,"DB00179","PA164746493","Drug"
"Mazindol","D008454","22232-71-9","DB00579","PA450326","Drug"
"Mebendazole","D008463","31431-39-7","DB00643","PA164776669","Drug"
"Mecamylamine","D008464","60-40-2","DB00657","PA450334","Drug"
"mecasermin","C000604197",NA,"DB01277","PA164774876","Drug"
"Mechlorethamine","D008466",NA,"DB00888","PA450336","Drug"
"Meclizine","D008468","569-65-3","DB00737","PA450338","Drug"
"Meclofenamic Acid","D008469","644-62-2","DB00939","PA450341","Drug"
"Medroxyprogesterone Acetate","D017258","71-58-9","DB00603","PA450344","Drug"
"medrysone","C100283","2668-66-8","DB00253","PA450346","Drug"
"Mefenamic Acid","D008528","61-68-7","DB00784","PA450347","Drug"
"Mefloquine","D015767","53230-10-7","DB00358","PA450348","Drug"
"Megestrol Acetate","D019290","51154-23-5","DB00351","PA450351","Drug"
"Melatonin","D008550","73-31-4","DB01065","PA164752558","Drug"
"Meloxicam","D000077239","71125-38-7","DB00814","PA450353","Drug"
"Melphalan","D008558","148-82-3","DB01042","PA450354","Drug"
"Memantine","D008559","19982-08-2","DB01043","PA10364","Drug"
"mepenzolic acid","C005101","25990-43-6","DB04843","PA164746250","Drug"
"Meperidine","D008614","57-42-1","DB00454","PA450369","Drug"
"Mephentermine","D008616","100-92-5","DB01365","PA164745533","Drug"
"Mephenytoin","D008617","50-12-4","DB00532","PA450373","Drug"
"Mephobarbital","D008618","115-38-8","DB00849","PA450374","Drug"
"Mepivacaine","D008619","96-88-8","DB00961","PA164748741","Drug"
"Meprobamate","D008620","57-53-4","DB00371","PA450377","Drug"
"mequitazine","C006069","29216-28-2","DB01071","PA164748010","Drug"
"Mercaptopurine","D015122",NA,"DB01033","PA450379","Drug,Metabolite"
"Meropenem","D000077731","96036-03-2","DB00760","PA164764445","Drug"
"Mesalamine","D019804","89-57-6","DB00244","PA450384","Drug"
"Mesoridazine","D008653","5588-33-0","DB00933","PA450386","Drug"
"Mestranol","D008656","72-33-3","DB01357","PA450388","Drug"
"Metaproterenol","D009921","586-06-1","DB00816","PA450390","Drug"
"Metaraminol","D008680","54-49-9","DB00610","PA164748761","Drug"
"metaxalone","C011301","1665-48-1","DB00660","PA164747189","Drug"
"Metformin","D008687","657-24-9","DB00331","PA450395","Drug"
"Methacholine Chloride","D016210","62-51-1","DB06709","PA165958382","Drug"
"Methacycline","D008690","914-00-1","DB00931","PA164750512","Drug"
"Methadone","D008691","76-99-3","DB00333","PA450401","Drug"
"Methamphetamine","D008694","537-46-2","DB01577","PA450403","Drug"
"Methantheline","D000077771","5818-17-7","DB00940","PA164747037","Drug"
"metharbital","C084822","50-11-3","DB00463","PA164746525","Drug"
"Methazolamide","D008704","554-57-4","DB00703","PA450413","Drug"
"methdilazine","C044642","1982-37-2","DB00902","PA164743018","Drug"
"Methicillin","D008712","61-32-5","DB01603","PA164777034","Drug"
"Methimazole","D008713","60-56-0","DB00763","PA450422","Drug"
"Methionine","D008715","63-68-3","DB00134","PA450423","Drug,Biological Intermediate"
"methixene","C005111","2/2/4969","DB00340","PA164783811","Drug"
"Methocarbamol","D008721","532-03-6","DB00423","PA164749506","Drug"
"Methohexital","D008723","18652-93-2","DB00474","PA164784030","Drug"
"Methotrexate","D008727","59-05-2","DB00563","PA450428","Drug"
"Methotrimeprazine","D008728","60-99-1","DB01403","PA164743234","Drug"
"Methoxamine","D008729","390-28-3","DB00723","PA450431","Drug"
"Methoxsalen","D008730","298-81-7","DB00553","PA450433","Drug"
"Methoxyflurane","D008733","76-38-0","DB01028","PA450434","Drug"
"methsuximide","C100286",NA,"DB05246","PA164743145","Drug"
"Methyclothiazide","D008736","135-07-9","DB00232","PA164748094","Drug"
"Methyldopa","D008750","555-30-6","DB00968","PA450453","Drug"
"Methylergonovine","D008755","113-42-8","DB00353","PA450461","Drug"
"Methylphenidate","D008774","113-45-1","DB00422","PA450464","Drug"
"Methylprednisolone","D008775","83-43-2","DB00959","PA450466","Drug"
"Methyltestosterone","D008777","58-18-4","DB06710","PA165958383","Drug"
"methyprylon","C084583",NA,"DB01107","PA164746748","Drug"
"Methysergide","D008784","361-37-5","DB00247","PA164743265","Drug"
"Metipranolol","D014290","22664-55-7","DB01214","PA164748727","Drug"
"Metoclopramide","D008787","364-62-5","DB01233","PA450475","Drug"
"Metolazone","D008788","17560-51-9","DB00524","PA164781022","Drug"
"Metoprolol","D008790","37350-58-6","DB00264","PA450480","Drug"
"Metrizamide","D008793","31112-62-6","DB01578","PA164742936","Drug"
"Metronidazole","D008795","443-48-1","DB00916","PA450484","Drug"
"Metyrapone","D008797","54-36-4","DB01011","PA450486","Drug"
"Mexiletine","D008801","31828-71-4","DB00379","PA450488","Drug"
"Mezlocillin","D008802","51481-65-3","DB00948","PA164750540","Drug"
"Mianserin","D008803","24219-97-4","DB06148","PA134687937","Drug"
"Mibefradil","D020748","116644-53-2","DB01388","PA450492","Drug"
"Micafungin","D000077551",NA,"DB01141","PA164781026","Drug"
"Miconazole","D008825","22916-47-8","DB01110","PA450494","Drug"
"Midazolam","D008874","59467-70-8","DB00683","PA450496","Drug"
"Midodrine","D008879","42794-76-3","DB00211","PA164749381","Drug"
"Mifepristone","D015735","84371-65-3","DB00834","PA450500","Drug"
"miglitol","C045621",NA,"DB00491","PA164776726","Drug"
"miglustat","C059896",NA,"DB00419","PA10140","Drug"
"Milnacipran","D000078764",NA,"DB04896","PA164752812","Drug"
"Milrinone","D020105","78415-72-2","DB00235","PA164749171","Drug"
"Mimosine","D008898","500-44-7","DB01055","PA164752445","Drug"
"minaprine","C006149",NA,"DB00805","PA164748351","Drug"
"Minocycline","D008911","10118-90-8","DB01017","PA450519","Drug"
"Minoxidil","D008914","38304-91-5","DB00350","PA450521","Drug"
"Misoprostol","D016595","59122-46-2","DB00929","PA450523","Drug"
"mitiglinide","C087255",NA,"DB01252","PA164748124","Drug"
"Mitomycin","D016685","50-07-7","DB00305","PA450524","Drug"
"Mitotane","D008939","53-19-0","DB00648","PA164746157","Drug"
"Mitoxantrone","D008942","65271-80-9","DB01204","PA450526","Drug"
"Mivacurium","D000077590","106791-40-6","DB01226","PA450528","Drug"
"Moclobemide","D020912","71320-77-9","DB01171","PA452615","Drug"
"moexipril","C058302","103775-10-6","DB00691","PA164769059","Drug"
"Molindone","D008972","7416-34-4","DB01618","PA164746756","Drug"
"monobenzone","C006429",NA,"DB00600","PA164764582","Drug"
"montelukast","C093875","158966-92-8","DB00471","PA450546","Drug"
"Moricizine","D016293","31883-05-3","DB00680","PA164747738","Drug"
"Morphine","D009020","57-27-2","DB00295","PA450550","Drug,Metabolite"
"Moxalactam","D009070","64952-97-2","DB04570","PA164743144","Drug"
"Moxifloxacin","D000077266",NA,"DB00218","PA450555","Drug"
"Mupirocin","D016712","12650-69-0","DB00410","PA164764568","Drug"
"nabilone","C011941",NA,"DB00486","PA164746998","Drug"
"Nabumetone","D000077430","42924-53-8","DB00461","PA450572","Drug"
"N-acetylserotonin","C006389","1210-83-9","DB04275","PA140222717","Drug"
"Nadolol","D009248","42200-33-9","DB01203","PA450573","Drug"
"Nafarelin","D017274","76932-56-4","DB00666","PA164754805","Drug"
"Nafcillin","D009254","147-52-4","DB00607","PA450576","Drug"
"naftifine","C029178","65472-88-0","DB00735","PA164748617","Drug"
"Nalbuphine","D009266","20594-83-6","DB00844","PA164745372","Drug"
"Nalidixic Acid","D009268","389-08-2","DB00779","PA164746384","Drug"
"Naloxone","D009270","465-65-6","DB01183","PA450586","Drug"
"Naltrexone","D009271","16590-41-3","DB00704","PA450588","Drug"
"Nandrolone Decanoate","D000077603","360-70-3","DB08804","PA165958423","Drug"
"nandrolone phenpropionate","C008580","62-90-8","DB00984","PA164746281","Drug"
"Naphazoline","D009278","835-31-4","DB06711","PA165958384","Drug"
"Naproxen","D009288","22204-53-1","DB00788","PA450595","Drug"
"naratriptan","C106783",NA,"DB00952","PA450597","Drug"
"naringenin","C005273","480-41-1","DB03467","PA151958361","Drug"
"Natamycin","D010866","7681-93-8","DB00826","PA164744325","Drug"
"Nateglinide","D000077715","105816-04-4","DB00731","PA450600","Drug"
"Natriuretic Peptide, Brain","D020097","114471-18-0","DB04899","PA164781045","Drug"
"Nebivolol","D000068577",NA,"DB04861","PA151958426","Drug"
"Nedocromil","D017835","69049-73-6","DB00716","PA450601","Drug"
"nefazodone","C051752","83366-66-9","DB01149","PA450603","Drug"
"nelarabine","C104457",NA,"DB01280","PA164752425","Drug"
"Nelfinavir","D019888","159989-64-7","DB00220","PA450606","Drug"
"Neomycin","D009355","1404-04-2","DB00994","PA450608","Drug"
"Neostigmine","D009388","59-99-4","DB01400","PA450611","Drug"
"nepafenac","C414203",NA,"DB06802","PA165958407","Drug"
"Netilmicin","D009428","56391-56-1","DB00955","PA164754913","Drug"
"Nevirapine","D019829","129618-40-2","DB00238","PA450616","Drug"
"Niacin","D009525",NA,"DB00627","PA450617","Drug"
"Nicardipine","D009529","55985-32-5","DB00622","PA450620","Drug"
"Nicergoline","D009530","27848-84-6","DB00699","PA164743014","Drug"
"Niclosamide","D009534","50-65-7","DB06803","PA165958408","Drug"
"Nicotine","D009538",NA,"DB00184","PA450626","Drug"
"Nifedipine","D009543","21829-25-4","DB01115","PA450631","Drug"
"Niflumic Acid","D009544","4394-00-7","DB04552","PA164746749","Drug"
"nilutamide","C021277",NA,"DB00665","PA450632","Drug"
"nilvadipine","C035100",NA,"DB06712","PA165958385","Drug"
"nimesulide","C012655","51803-78-2","DB04743","PA137179528","Drug"
"Nimodipine","D009553","66085-59-4","DB00393","PA450633","Drug"
"Nisoldipine","D015737","63675-72-9","DB00401","PA450634","Drug"
"nitazoxanide","C041747","55981-09-4","DB00507","PA164754874","Drug"
"nitisinone","C077073",NA,"DB00348","PA164777037","Drug"
"Nitrazepam","D009567","146-22-5","DB01595","PA10242","Drug"
"Nitrendipine","D009568","39562-70-4","DB01054","PA146096020","Drug"
"Nitric Oxide","D009569","10102-43-9","DB00435","PA450635","Drug"
"Nitrofurantoin","D009582","67-20-9","DB00698","PA450640","Drug"
"Nitrofurazone","D009583","59-87-0","DB00336","PA164754877","Drug"
"Nitroglycerin","D005996","55-63-0","DB00727","PA450644","Drug"
"Nitroprusside","D009599","15078-28-1","DB00325","PA451406","Drug"
"nitroxoline","C005308","4008-48-4","DB01422","PA164754993","Drug"
"Nizatidine","D016567","76963-41-2","DB00585","PA164752234","Drug"
"Nonoxynol","D017137","26027-38-3","DB06804","PA450648","Drug"
"Nordefrin","D008771","6539-57-7","DB06707","PA165958380","Drug"
"norelgestromin","C449219",NA,"DB06713","PA164953212","Drug"
"Norepinephrine","D009638","51-41-2","DB00368","PA450649","Drug,Biological Intermediate"
"Norethindrone","D009640","68-22-4","DB00717","PA450651","Drug"
"Norfloxacin","D009643","70458-96-7","DB01059","PA450654","Drug"
"norgestimate","C017576","35189-28-7","DB00957","PA164744346","Drug"
"Nortriptyline","D009661","72-69-5","DB00540","PA450657","Drug"
"Novobiocin","D009675","303-81-1","DB01051","PA164768819","Drug"
"Nystatin","D009761","1400-61-9","DB00646","PA450666","Drug"
"octotropine methylbromide","C100237",NA,"DB00517","PA164754880","Drug"
"Octreotide","D015282","83150-76-9","DB00104","PA450678","Drug"
"Ofloxacin","D015242","82419-36-1","DB01165","PA450684","Drug"
"Olanzapine","D000077152",NA,"DB00334","PA450688","Drug"
"olmesartan","C437965",NA,"DB00275","PA164742950","Drug"
"Olopatadine Hydrochloride","D000069605",NA,"DB00768","PA450698","Drug"
"olsalazine","C032587","15722-48-2","DB01250","PA450700","Drug"
"Omeprazole","D009853","73590-58-6","DB00338","PA450704","Drug"
"Ondansetron","D017294","99614-02-5","DB00904","PA450705","Drug"
"oprelvekin","C105308",NA,"DB00038","PA164747991","Drug"
"Orlistat","D000077403","96829-58-2","DB01083","PA164776864","Drug"
"Ornithine","D009952","7006-33-9","DB00129","PA164783814","Drug"
"Orphenadrine","D009966","83-98-7","DB01173","PA450715","Drug"
"Oseltamivir","D053139",NA,"DB00198","PA450721","Drug"
"Ouabain","D010042","630-60-4","DB01092","PA163522138","Drug"
"Oxacillin","D010068","66-79-5","DB00713","PA450725","Drug"
"Oxaliplatin","D000077150",NA,"DB00526","PA131285527","Drug"
"Oxamniquine","D010073","21738-42-1","DB01096","PA164748782","Drug"
"Oxandrolone","D010074","53-39-4","DB00621","PA164749395","Drug"
"Oxaprozin","D000077431","21256-18-8","DB00991","PA450730","Drug"
"Oxazepam","D010076","604-75-1","DB00842","PA450731","Drug"
"Oxcarbazepine","D000078330","28721-07-5","DB00776","PA450732","Drug"
"oxiconazole","C022155","64211-45-6","DB00239","PA164754742","Drug"
"Oxprenolol","D010096","6452-71-7","DB01580","PA10284","Drug"
"oxybenzone","C005290","131-57-7","DB01428","PA164742933","Drug"
"oxybutynin","C005419","5633-20-5","DB01062","PA164746030","Drug"
"Oxycodone","D010098","76-42-6","DB00497","PA450741","Drug"
"Oxymetazoline","D010109","1491-59-4","DB00935","PA164748840","Drug"
"Oxyphenbutazone","D010113","129-20-4","DB03585","PA450750","Drug"
"oxyphencyclimine","C100201","125-53-1","DB00383","PA164776910","Drug"
"Oxyphenonium","D010115","14214-84-7","DB00219","PA164752252","Drug"
"Oxytetracycline","D010118","79-57-2","DB00595","PA450757","Drug"
"Oxytocin","D010121","50-56-6","DB00107","PA450760","Drug"
"Paclitaxel","D017239",NA,"DB01229","PA450761","Drug"
"Paliperidone Palmitate","D000068882",NA,"DB01267","PA163518919","Drug,Metabolite"
"Palonosetron","D000077924","135729-61-2","DB00377","PA10352","Drug"
"Pamidronate","D000077268","40391-99-9","DB00282","PA450767","Drug"
"p-Aminohippuric Acid","D010130","61-78-9","DB00345","PA134711723","Drug"
"Pancuronium","D010197",NA,"DB01337","PA450771","Drug"
"Pantoprazole","D000077402","102625-70-7","DB00213","PA450774","Drug"
"Papaverine","D010208","58-74-2","DB01113","PA164745550","Drug"
"paramethadione","C005731","115-67-3","DB00617","PA164748880","Drug"
"Paramethasone","D010248","53-33-8","DB01384","PA164777035","Drug"
"Pargyline","D010293","555-57-7","DB01626","PA450797","Drug"
"paricalcitol","C084656",NA,"DB00910","PA450798","Drug"
"Paromomycin","D010303","7542-37-2","DB01421","PA164784023","Drug"
"Paroxetine","D017374","61869-08-7","DB00715","PA450801","Drug"
"Pefloxacin","D015366","70458-92-3","DB00487","PA164742856","Drug"
"pegaptanib","C495058",NA,"DB04895","PA164771236","Drug"
"pegaspargase","C042705",NA,"DB00059","PA164760860","Drug"
"peginterferon alfa-2a","C100416",NA,"DB00008","PA164749390","Drug"
"peginterferon alfa-2b","C417083",NA,"DB00022","PA164784024","Drug"
"pegvisomant","C406545",NA,"DB00082","PA164749630","Drug"
"Pemetrexed","D000068437",NA,"DB00642","PA10810","Drug"
"pemirolast","C055139","69372-19-6","DB00885","PA164781018","Drug"
"Pemoline","D010389","2152-34-3","DB01230","PA450836","Drug"
"Penbutolol","D010394","36507-48-9","DB01359","PA164749474","Drug"
"penciclovir","C053539",NA,"DB00299","PA450839","Drug"
"Penicillamine","D010396","52-67-5","DB00859","PA450840","Drug"
"Penicillin G","D010400","61-33-6","DB01053","PA450842","Drug"
"Penicillin V","D010404","87-08-1","DB00417","PA164745442","Drug"
"Pentagastrin","D010418","5534-95-2","DB00183","PA450849","Drug"
"Pentamidine","D010419","100-33-4","DB00738","PA450850","Drug"
"Pentazocine","D010423","359-83-1","DB00652","PA164744326","Drug"
"Pentobarbital","D010424","76-74-4","DB00312","PA450859","Drug"
"Pentosan Sulfuric Polyester","D010426","37300-21-3","DB00686","PA164774806","Drug"
"Pentostatin","D015649","53910-25-1","DB00552","PA450863","Drug"
"Pentoxifylline","D010431","6/5/6493","DB00806","PA450864","Drug"
"perflutren","C042852",NA,"DB00556","PA164781354","Drug"
"Pergolide","D010479","66104-22-1","DB01186","PA450873","Drug"
"Perhexiline","D010480","6621-47-2","DB01074","PA130150436","Drug"
"periciazine","C084584","2622-26-6","DB01608","PA164781043","Drug"
"Perindopril","D020913","82834-16-0","DB00790","PA450877","Drug"
"Permethrin","D026023","52645-53-1","DB04930","PA164743137","Drug"
"Perphenazine","D010546","58-39-9","DB00850","PA450882","Drug"
"phenacemide","C005396","63-98-9","DB01121","PA164745309","Drug"
"Phenacetin","D010615","62-44-2","DB03783","PA450897","Drug"
"Phenazopyridine","D010621","94-78-0","DB01438","PA164746899","Drug"
"Phencyclidine","D010622","77-10-1","DB03575","PA128406980","Drug"
"phendimetrazine","C100294","21784-30-5","DB01579","PA450902","Drug"
"Phenelzine","D010624","51-71-8","DB00780","PA450903","Drug"
"Phenformin","D010629","114-86-3","DB00914","PA1000","Drug"
"phenindamine","C005430","82-88-2","DB01619","PA164750491","Drug"
"Phenindione","D010630","83-12-5","DB00498","PA164784031","Drug"
"Pheniramine","D010632","86-21-5","DB01620","PA164744506","Drug"
"Phenmetrazine","D010633","134-49-6","DB00830","PA164747188","Drug"
"Phenobarbital","D010634","50-06-6","DB01174","PA450911","Drug"
"Phenol","D019800","108-95-2","DB03255","PA450913","Drug"
"Phenoxybenzamine","D010643","59-96-1","DB00925","PA450919","Drug"
"Phenprocoumon","D010644","435-97-2","DB00946","PA450921","Drug"
"phensuximide","C100129","86-34-0","DB00832","PA164771230","Drug"
"Phentermine","D010645","122-09-8","DB00191","PA164748099","Drug"
"Phentolamine","D010646","50-60-2","DB00692","PA450926","Drug"
"Phenylalanine","D010649","63-91-2","DB00120","PA450931","Drug"
"Phenylbutazone","D010653","50-33-9","DB00812","PA450932","Drug"
"Phenylephrine","D010656","59-42-7","DB00388","PA450935","Drug"
"Phenylpropanolamine","D010665","14838-15-4","DB00397","PA164748965","Drug"
"Phenytoin","D010672","57-41-0","DB00252","PA450947","Drug"
"Phosphatidylserines","D010718",NA,"DB00144","PA164768860","Drug"
"Physostigmine","D010830","57-47-6","DB00981","PA450957","Drug"
"Picrotoxin","D010852","124-87-8","DB00466","PA164777007","Drug"
"Pilocarpine","D010862","92-13-7","DB01085","PA450962","Drug"
"pimecrolimus","C117268",NA,"DB00337","PA164783790","Drug"
"Pimozide","D010868","2062-78-4","DB01100","PA450965","Drug"
"Pindolol","D010869","13523-86-9","DB00960","PA450966","Drug"
"Pioglitazone","D000077205","111025-46-8","DB01132","PA450970","Drug"
"pipazethate","C016064","2167-85-3","DB08796","PA165958415","Drug"
"Pipecuronium","D017300","68399-58-6","DB01338","PA164764567","Drug"
"Piperacillin","D010878","61477-96-1","DB00319","PA450975","Drug"
"Piperazine","D000077489","110-85-0","DB00592","PA450977","Drug"
"Pipobroman","D010885","54-91-1","DB00236","PA164747673","Drug"
"pipothiazine","C084783","39860-99-6","DB01621","PA10158","Drug"
"pirbuterol","C009118","38677-81-5","DB01291","PA450983","Drug"
"Pirenzepine","D010890","28797-61-7","DB00670","PA10159","Drug"
"Piroxicam","D010894","36322-90-4","DB00554","PA450985","Drug"
"Pivampicillin","D010917","33817-20-8","DB01604","PA164776912","Drug"
"plerixafor octahydrochloride","C088327","155148-31-5","DB06809","PA165958410","Drug"
"Plicamycin","D008926","18378-89-7","DB06810","PA165958411","Drug"
"Podophyllotoxin","D011034","518-28-5","DB01179","PA450993","Drug"
"Polymyxin B","D011112","1404-26-8","DB00781","PA451027","Drug"
"Polythiazide","D011139","346-18-9","DB01324","PA164748763","Drug"
"posaconazole","C101425",NA,"DB01263","PA151958574","Drug"
"Potassium Chloride","D011189","7447-40-7","DB00761","PA451055","Drug"
"Potassium Iodide","D011193","7681-11-0","DB06715","PA451060","Drug"
"Practolol","D011217","6673-35-4","DB01297","PA164752820","Drug"
"pralidoxime","C028797","6735-59-7","DB00733","PA164744926","Drug"
"pramlintide","C105254",NA,"DB01278","PA164781394","Drug"
"pranlukast","C047681",NA,"DB01411","PA134698661","Drug"
"Prasugrel Hydrochloride","D000068799",NA,"DB06209","PA154410481","Drug"
"Pravastatin","D017035","81093-37-0","DB00175","PA451089","Drug"
"Prazepam","D011222","2955-38-6","DB01588","PA164776668","Drug"
"Praziquantel","D011223","55268-74-1","DB01058","PA164764583","Drug"
"Prazosin","D011224","19216-56-9","DB00457","PA451093","Drug"
"prednicarbate","C035287","73771-04-7","DB01130","PA164749394","Drug"
"Prednisolone","D011239","50-24-8","DB00860","PA451096","Drug"
"Prednisone","D011241","53-03-2","DB00635","PA451100","Drug"
"Pregabalin","D000069583",NA,"DB00230","PA164754814","Drug"
"Prilocaine","D011318","721-50-6","DB00750","PA451101","Drug"
"Primaquine","D011319","90-34-6","DB01087","PA451103","Drug"
"Primidone","D011324","125-33-7","DB00794","PA451105","Drug"
"Probenecid","D011339","57-66-9","DB01032","PA451106","Drug"
"Probucol","D011341","23288-49-5","DB01599","PA451107","Drug"
"Procainamide","D011342","51-06-9","DB01035","PA451108","Drug"
"Procaine","D011343","59-46-1","DB00721","PA451110","Drug"
"Procarbazine","D011344","671-16-9","DB01168","PA451112","Drug"
"Procaterol","D017265","72332-33-3","DB01366","PA164748908","Drug"
"Prochlorperazine","D011346","58-38-8","DB00433","PA451114","Drug"
"Procyclidine","D011352","77-37-2","DB00387","PA164784001","Drug"
"profenamine","C084820","522-00-9","DB00392","PA449531","Drug"
"Proflavine","D011370","92-62-6","DB01123","PA164748742","Drug"
"progabide","C017985","62666-20-0","DB00837","PA164747990","Drug"
"Progesterone","D011374","57-83-0","DB00396","PA451123","Drug"
"Proguanil","D002727","500-92-5","DB01131","PA451124","Drug"
"Proline","D011392","147-85-3","DB00172","PA451125","Drug"
"Promazine","D011395","58-40-2","DB00420","PA451126","Drug"
"Promethazine","D011398","60-87-7","DB01069","PA451128","Drug"
"Propafenone","D011405","54063-53-5","DB01182","PA451131","Drug"
"Propantheline","D011413","298-50-0","DB00782","PA164746224","Drug"
"propiomazine","C084591","362-29-8","DB00777","PA164778685","Drug"
"Propofol","D015742","2078-54-8","DB00818","PA451141","Drug"
"propylhexedrine","C084814","101-40-6","DB06714","PA165958387","Drug"
"Propylthiouracil","D011441","51-52-5","DB00550","PA451156","Drug"
"prosapogenin","C026473","50647-08-0","DB01404","PA164781150","Drug"
"Protoveratrines","D011526",NA,"DB00785","PA164749510","Drug"
"Protriptyline","D011530","438-60-8","DB00344","PA451168","Drug"
"proxymetacaine","C005717","499-67-2","DB00807","PA164776849","Drug"
"Pseudoephedrine","D054199","90-82-4","DB00852","PA451170","Drug"
"Pyrazinamide","D011718","98-96-4","DB00339","PA451182","Drug"
"Pyridostigmine Bromide","D011729","101-26-8","DB00545","PA451185","Drug"
"Pyridoxal","D011730","66-72-8","DB00147","PA164749166","Drug"
"Pyridoxal Phosphate","D011732","54-47-7","DB00114","PA164749650","Drug"
"Pyridoxine","D011736",NA,"DB00165","PA451897","Drug"
"Pyrilamine","D011738","91-84-9","DB06691","PA165958366","Drug"
"Pyrimethamine","D011739","58-14-0","DB00205","PA451193","Drug"
"Pyruvic Acid","D019289","127-17-3","DB00119","PA164778686","Drug"
"quazepam","C025130",NA,"DB01589","PA164744373","Drug"
"Quetiapine Fumarate","D000069348",NA,"DB01224","PA451201","Drug"
"Quinacrine","D011796","83-89-6","DB01103","PA164745551","Drug"
"Quinapril","D000077583","82586-55-8","DB00881","PA451205","Drug"
"Quinestrol","D011800","152-43-2","DB04575","PA164749042","Drug"
"quinethazone","C050700","73-49-4","DB01325","PA164760863","Drug"
"Quinidine","D011802","56-54-2","DB00908","PA451209","Drug"
"Quinine","D011803","130-95-0","DB00468","PA451213","Drug"
"quinupristin","C113825",NA,"DB01369","PA164749647","Drug"
"Raloxifene Hydrochloride","D020849",NA,"DB00481","PA451221","Drug"
"raltitrexed","C068874",NA,"DB00293","PA131625240","Drug"
"ramelteon","C495910",NA,"DB00980","PA164744896","Drug"
"Ramipril","D017257","87333-19-5","DB00178","PA451223","Drug"
"Ranitidine","D011899","66357-35-5","DB00863","PA451224","Drug"
"Ranolazine","D000069458",NA,"DB00243","PA164746007","Drug"
"rasagiline","C031967","1875-50-9","DB01367","PA164764584","Drug"
"Reboxetine","D000077593","98769-81-4","DB00234","PA144614921","Drug"
"recombinant FVIIa","C103587",NA,"DB00036","PA164748389","Drug"
"Remifentanil","D000077208",NA,"DB00899","PA451232","Drug"
"remikiren","C065581",NA,"DB00212","PA164774779","Drug"
"Remoxipride","D017330","80125-14-0","DB00409","PA164749051","Drug"
"repaglinide","C072379",NA,"DB00912","PA451234","Drug"
"rescinnamine","C084826",NA,"DB01180","PA164768818","Drug"
"Reserpine","D012110","50-55-5","DB00206","PA451236","Drug"
"retapamulin","C508887",NA,"DB01256","PA164749341","Drug"
"reteplase","C087896","133652-38-7","DB00015","PA164743728","Drug"
"Ribavirin","D012254","36791-04-5","DB00811","PA451241","Drug"
"Riboflavin","D012256","83-88-5","DB00140","PA451242","Drug"
"ridogrel","C060219",NA,"DB01207","PA164746413","Drug"
"Rifabutin","D017828","72559-06-9","DB00615","PA451249","Drug"
"Rifampin","D012293","13292-46-1","DB01045","PA451250","Drug"
"rifapentine","C018421","61379-65-5","DB01201","PA164783809","Drug"
"Rifaximin","D000078262",NA,"DB01220","PA164752443","Drug"
"Riluzole","D019782","1744-22-5","DB00740","PA451251","Drug"
"rimabotulinumtoxinB","C096323",NA,"DB00042","PA164747061","Drug"
"Rimantadine","D012299","13392-28-4","DB00478","PA164748038","Drug"
"rimexolone","C013769","49697-38-3","DB00896","PA164752251","Drug"
"Rimonabant","D000077285","158681-13-1","DB06155","PA152407999","Drug"
"Risedronic Acid","D000068296",NA,"DB00884","PA451255","Drug"
"Risperidone","D018967","106266-06-2","DB00734","PA451257","Drug"
"Ritodrine","D012312","26652-09-5","DB00867","PA451258","Drug"
"Ritonavir","D019438",NA,"DB00503","PA451260","Drug"
"Rivastigmine","D000068836",NA,"DB00989","PA451262","Drug"
"rizatriptan","C093622","145202-66-0","DB00953","PA451264","Drug"
"Rocuronium","D000077123",NA,"DB00728","PA164754992","Drug"
"rofecoxib","C116926",NA,"DB00533","PA451268","Drug"
"Rolitetracycline","D012382","751-97-3","DB01301","PA164779049","Drug"
"ropinirole","C046649","91374-21-9","DB00268","PA164749035","Drug"
"Ropivacaine","D000077212","84057-95-4","DB00296","PA451271","Drug"
"Rosiglitazone","D000077154",NA,"DB00412","PA451283","Drug"
"rosoxacin","C021083","40034-42-2","DB00817","PA164776843","Drug"
"Rosuvastatin Calcium","D000068718",NA,"DB01098","PA134308647","Drug"
"rotigotine","C047508",NA,"DB05271","PA165958352","Drug"
"roxatidine acetate","C053742","78628-28-1","DB08806","PA165958424","Drug"
"Roxithromycin","D015575","80214-83-1","DB00778","PA164750505","Drug"
"S 20098","C084711","138112-76-2","DB06594","PA165958363","Drug"
"sacubitril-valsartan","C549068",NA,"DB09292","PA166131580","Prodrug"
"S-Adenosylmethionine","D012436","29908-03-0","DB00118","PA164754994","Drug,Biological Intermediate"
"Salicylic Acid","D020156","69-72-7","DB00936","PA451299","Drug"
"salicylsalicylic acid","C014182",NA,"DB01399","PA164745462","Drug"
"Salmeterol Xinafoate","D000068299",NA,"DB00938","PA451300","Drug"
"salmon calcitonin","C028815","47931-85-1","DB00017","PA448715","Drug"
"sapropterin","C003402",NA,"DB00360","PA161990676","Drug"
"Saquinavir","D019258","127779-20-8","DB01232","PA451305","Drug"
"sargramostim","C081222",NA,"DB00020","PA164748631","Drug"
"saxagliptin","C502994",NA,"DB06335","PA165958362","Drug"
"Scopolamine","D012601",NA,"DB00747","PA451308","Drug"
"secbutabarbital","C084833","125-40-6","DB00237","PA164743463","Drug"
"Secobarbital","D012631","76-73-3","DB00418","PA164784035","Drug"
"Selegiline","D012642",NA,"DB01037","PA451316","Drug"
"selenium disulfide","C025698",NA,"DB00971","PA164771240","Drug"
"Serine","D012694","56-45-1","DB00133","PA451330","Drug,Biological Intermediate"
"Sermorelin","D017337","86168-78-7","DB00010","PA164749110","Drug"
"sertaconazole","C061131","99592-32-2","DB01153","PA164748328","Drug"
"sertindole","C066304",NA,"DB06144","PA164784002","Drug"
"Sertraline","D020280","79617-96-2","DB01104","PA451333","Drug"
"Sevelamer","D000069603",NA,"DB00658","PA164781197","Drug"
"Sevoflurane","D000077149",NA,"DB01236","PA451341","Drug"
"sibutramine","C058254","106650-56-0","DB01105","PA451344","Drug"
"Sildenafil Citrate","D000068677",NA,"DB00203","PA451346","Drug"
"Silver Sulfadiazine","D012837","22199-08-2","DB05245","PA164744951","Drug"
"Simvastatin","D019821","79902-63-9","DB00641","PA451363","Drug"
"siponimod","C578989",NA,"DB12371","PA166182736","Drug"
"Sirolimus","D020123","53123-88-9","DB00877","PA451365","Drug"
"Sitagliptin Phosphate","D000068900",NA,"DB01261","PA164748978","Drug"
"Sodium Bicarbonate","D017693","144-55-8","DB01390","PA451375","Drug"
"Sodium Dodecyl Sulfate","D012967","151-21-3","DB00815","PA451398","Drug"
"Sodium Tetradecyl Sulfate","D012981","1191-50-0","DB00464","PA164746759","Drug"
"Solifenacin Succinate","D000069464",NA,"DB01591","PA164783810","Drug"
"Sorafenib","D000077157",NA,"DB00398","PA7000","Drug"
"Sotalol","D013015","3930-20-9","DB00489","PA451457","Drug"
"sparfloxacin","C061363",NA,"DB01208","PA451472","Drug"
"Spectinomycin","D000198","1695-77-8","DB00919","PA164781342","Drug"
"Spermine","D013096","71-44-3","DB00127","PA164781199","Drug"
"spirapril","C052555","83647-97-6","DB01348","PA164776913","Drug"
"Spironolactone","D013148","52-01-7","DB00421","PA451483","Drug"
"Stanozolol","D013197","10418-03-8","DB06718","PA165958391","Drug"
"Staurosporine","D019311","62996-74-1","DB02010","PA165109623","Drug"
"Stavudine","D018119","3056-17-5","DB00649","PA451494","Drug"
"stepronin","C035227","72324-18-6","DB01423","PA164748630","Drug"
"Streptomycin","D013307","57-92-1","DB01082","PA451512","Drug"
"Streptozocin","D013311","18883-66-4","DB00428","PA451514","Drug"
"styrenesulfonic acid polymer","C077114",NA,"DB01344","PA164749386","Drug"
"Succinylcholine","D013390","306-40-1","DB00202","PA451522","Drug"
"Sucralfate","D013392","54182-58-0","DB00364","PA451524","Drug"
"Sucrose","D013395","57-50-1","DB02772","PA451525","Drug,Biological Intermediate"
"Sufentanil","D017409","56030-54-7","DB00708","PA451527","Drug"
"Sulfacetamide","D013409",NA,"DB00634","PA451536","Drug"
"sulfacytine","C100141","17784-12-2","DB01298","PA164754808","Drug"
"Sulfadiazine","D013411","68-35-9","DB00359","PA451539","Drug"
"Sulfadimethoxine","D013412","122-11-2","DB06150","PA165958357","Drug"
"Sulfadoxine","D013413","2447-57-6","DB01299","PA451540","Drug"
"Sulfalene","D013415","152-47-6","DB00664","PA164747038","Drug"
"Sulfamerazine","D013416","127-79-7","DB01581","PA164776842","Drug"
"Sulfamethazine","D013418","57-68-1","DB01582","PA451542","Drug"
"Sulfamethizole","D013419","144-82-1","DB00576","PA164781307","Drug"
"Sulfamethoxazole","D013420","723-46-6","DB01015","PA451544","Drug"
"Sulfamoxole","D013423","729-99-7","DB08798","PA165958417","Drug"
"Sulfanilamide","D000077145",NA,"DB00259","PA451545","Drug"
"Sulfaphenazole","D013426","526-08-9","DB06729","PA130231310","Drug"
"Sulfapyridine","D013427","144-83-2","DB00891","PA164779050","Drug"
"Sulfasalazine","D012460","599-79-1","DB00795","PA451547","Drug"
"Sulfathiazole","D000077589","72-14-0","DB06147","PA165958356","Drug"
"Sulfinpyrazone","D013442","57-96-5","DB01138","PA451550","Drug"
"Sulfisoxazole","D013444","127-69-5","DB00263","PA164748964","Drug"
"sulfoxone","C036115","144-76-3","DB01145","PA164776911","Drug"
"Sulindac","D013467","38194-50-2","DB00605","PA451565","Drug"
"Sulpiride","D013469","15676-16-1","DB00391","PA164745485","Drug"
"Sumatriptan","D018170","103628-46-2","DB00669","PA451566","Drug"
"Sunitinib","D000077210",NA,"DB01268","PA162372840","Drug"
"Suprofen","D013496","40828-46-4","DB00870","PA451569","Drug"
"Suramin","D013498","145-63-1","DB04786","PA10292","Drug"
"Tacrine","D013619","321-64-2","DB00382","PA451576","Drug"
"Tacrolimus","D016559","109581-93-3","DB00864","PA451578","Drug"
"Tadalafil","D000068581",NA,"DB00820","PA10333","Drug"
"tafluprost","C485333",NA,"DB08819","PA165958432","Drug"
"talbutal","C446080","115-44-6","DB00306","PA164779051","Drug"
"tamibarotene","C061133","94497-51-5","DB04942","PA164743464","Drug"
"Tamoxifen","D013629","10540-29-1","DB00675","PA451581","Drug"
"Tamsulosin","D000077409","106133-20-4","DB00706","PA451583","Drug"
"tasosartan","C086167",NA,"DB01349","PA164769057","Drug"
"tazarotene","C086827",NA,"DB00799","PA164746821","Drug"
"Tazobactam","D000078142","93528-38-2","DB01606","PA164764504","Drug"
"technetium Tc-99m arcitumomab","C114976",NA,"DB00113","PA164746540","Drug"
"Tegafur","D005641","17902-23-7","DB09256","PA452620","Prodrug"
"tegaserod","C105050","145158-71-0","DB01079","PA130413154","Drug"
"Teicoplanin","D017334","61036-62-2","DB06149","PA164746244","Drug"
"telaprevir","C486464",NA,"DB05521","PA165958354","Drug"
"Telbivudine","D000077712",NA,"DB01265","PA164760861","Drug"
"telithromycin","C106791",NA,"DB00976","PA10202","Drug"
"Telmisartan","D000077333",NA,"DB00966","PA451605","Drug"
"Temazepam","D013693","846-50-4","DB00231","PA451608","Drug"
"Temozolomide","D000077204","85622-93-1","DB00853","PA451609","Drug"
"temsirolimus","C401859",NA,"DB06287","PA164746890","Drug"
"Teniposide","D013713","29767-20-2","DB00444","PA451611","Drug"
"tenoxicam","C032801","59804-37-4","DB00469","PA131890625","Drug"
"Terazosin","C041226","63590-64-7","DB01162","PA451612","Drug"
"Terbinafine","D000077291","91161-71-6","DB00857","PA451614","Drug"
"Terbutaline","D013726","23031-25-6","DB00871","PA451616","Drug"
"terconazole","C037815",NA,"DB00251","PA164768834","Drug"
"Terfenadine","D016593","50679-08-8","DB00342","PA451619","Drug"
"Teriparatide","D019379","52232-67-4","DB06285","PA451620","Drug"
"Terlipressin","D000077585","14636-12-5","DB02638","PA164781020","Drug"
"Testolactone","D013738","968-93-4","DB00894","PA164743056","Drug"
"Testosterone","D013739","58-22-0","DB00624","PA451627","Drug,Biological Intermediate"
"Testosterone Propionate","D043343","57-85-2","DB01420","PA164751373","Drug"
"Tetrabenazine","D013747","58-46-8","DB04844","PA140222719","Drug"
"Tetracycline","D013752","60-54-8","DB00759","PA451640","Drug"
"Thalidomide","D013792","50-35-1","DB01041","PA451644","Drug"
"Theobromine","D013805","83-67-0","DB01412","PA451646","Drug,Metabolite"
"Theophylline","D013806","58-55-9","DB00277","PA451647","Drug,Metabolite"
"Thiabendazole","D013827","148-79-8","DB00730","PA164746466","Drug"
"Thiamine","D013831","59-43-8","DB00152","PA451652","Drug"
"Thiamylal","D013840","77-27-0","DB01154","PA164746997","Drug"
"Thiethylperazine","D013847","1420-55-9","DB00372","PA164748882","Drug"
"Thioctic Acid","D008063","62-46-4","DB00166","PA164776929","Drug"
"Thioguanine","D013866","154-42-7","DB00352","PA451663","Drug"
"Thiopental","D013874","76-75-5","DB00599","PA451664","Drug"
"thioproperazine","C084825","316-81-4","DB01622","PA164754875","Drug"
"Thioridazine","D013881","50-52-2","DB00679","PA451666","Drug"
"Thiotepa","D013852","52-24-4","DB04572","PA451668","Drug"
"Thiothixene","D013888","5591-45-7","DB01623","PA451669","Drug"
"Threonine","D013912","72-19-5","DB00156","PA451673","Drug"
"Thymalfasin","D000077596",NA,"DB04900","PA164748387","Drug"
"Thyrotropin Alfa","D057073",NA,"DB00024","PA164746560","Drug"
"Thyroxine","D013974","7488-70-2","DB00451","PA450221","Drug"
"thyroxine, triiodothyronine drug combination","C018539","8061-58-3","DB01583","PA164748036","Drug"
"Tiagabine","D000078308","115103-54-3","DB00906","PA451682","Drug"
"tiaprofenic acid","C021270",NA,"DB01600","PA164764503","Drug"
"Ticarcillin","D013982","34787-01-4","DB01607","PA451684","Drug"
"Ticlopidine","D013988","55142-85-3","DB00208","PA451686","Drug"
"Tigecycline","D000078304",NA,"DB00560","PA164746412","Drug"
"tiludronic acid","C058651",NA,"DB01133","PA451688","Drug"
"Timolol","D013999","26839-75-8","DB00373","PA451690","Drug"
"Tinidazole","D014011","19387-91-8","DB00911","PA10813","Drug"
"tioconazole","C020527","65899-73-2","DB01007","PA164746156","Drug"
"Tiotropium Bromide","D000069447",NA,"DB01409","PA164769056","Drug"
"tipranavir","C107201","174590-27-3","DB00932","PA163522473","Drug"
"Tirofiban","D000077466","144494-65-5","DB00775","PA451698","Drug"
"Tissue Plasminogen Activator","D010959",NA,"DB00009","PA164776730","Drug"
"tizanidine","C023754",NA,"DB00697","PA451701","Drug"
"Tobramycin","D014031","32986-56-4","DB00684","PA451704","Drug"
"Tocainide","D016677","41708-72-9","DB01056","PA451706","Drug"
"Tolazamide","D014042","1156-19-0","DB00839","PA164774902","Drug"
"Tolazoline","D014043","59-98-3","DB00797","PA451716","Drug"
"Tolbutamide","D014044","64-77-7","DB01124","PA451718","Drug"
"Tolcapone","D000077867","134308-13-7","DB00323","PA451720","Drug"
"Tolmetin","D014046","26171-23-3","DB00500","PA451721","Drug"
"Tolnaftate","D014047","2398-96-1","DB00525","PA164752438","Drug"
"Tolterodine Tartrate","D000068737",NA,"DB01036","PA164746757","Drug"
"Topiramate","D000077236","97240-79-4","DB00273","PA451728","Drug"
"Topotecan","D019772","123948-87-8","DB01030","PA451729","Drug"
"Toremifene","D017312","89778-26-7","DB00539","PA451731","Drug"
"Torsemide","D000077786","56211-40-6","DB00214","PA451733","Drug"
"Trabectedin","D000077606","114899-77-3","DB05109","PA165958349","Drug"
"Tramadol","D014147","27203-92-5","DB00193","PA451735","Drug"
"trandolapril","C052035",NA,"DB00519","PA451737","Drug"
"Tranexamic Acid","D014148","1197-18-8","DB00302","PA164750514","Drug"
"Tranylcypromine","D014191","155-09-9","DB00752","PA451741","Drug"
"Travoprost","D000069557",NA,"DB00287","PA164781371","Drug"
"Trazodone","D014196","19794-93-5","DB00656","PA451744","Drug"
"Tretinoin","D014212","302-79-4","DB00755","PA451746","Drug"
"Triamcinolone","D014221","124-94-7","DB00620","PA451749","Drug"
"Triamterene","D014223","396-01-0","DB00384","PA451752","Drug"
"Triazolam","D014229","28911-01-5","DB00897","PA451753","Drug"
"Trichlormethiazide","D014237","133-67-5","DB01021","PA164752426","Drug"
"tridihexethyl","C005386","60-49-1","DB00505","PA164746229","Drug"
"Trifluoperazine","D014268","117-89-5","DB00831","PA451771","Drug"
"Triflupromazine","D014273","146-54-3","DB00508","PA451773","Drug"
"Trifluridine","D014271","70-00-8","DB00432","PA451775","Drug"
"Trihexyphenidyl","D014282","144-11-6","DB00376","PA164747026","Drug"
"Triiodothyronine","D014284","3/2/6893","DB00279","PA164778866","Drug"
"trilostane","C009954","13647-35-3","DB01108","PA164748507","Drug"
"Trimeprazine","D014291","84-96-8","DB01246","PA164744009","Drug"
"Trimethadione","D014293","127-48-0","DB00347","PA164744924","Drug"
"Trimethaphan","D014294","7187-66-8","DB01116","PA451784","Drug"
"trimethobenzamide","C100146","138-56-7","DB00662","PA164764516","Drug"
"Trimethoprim","D014295","738-70-5","DB00440","PA451788","Drug"
"Trimetrexate","D016597","52128-35-5","DB01157","PA451790","Drug"
"Trimipramine","D014299","739-71-9","DB00726","PA451791","Drug"
"Trioxsalen","D014307","3902-71-4","DB04571","PA164747186","Drug"
"Tripelennamine","D014309","91-81-6","DB00792","PA164764429","Drug"
"Triprolidine","D014311","486-12-4","DB00427","PA451797","Drug"
"Troglitazone","D000077288","97322-87-7","DB00197","PA451799","Drug"
"Tropicamide","D014331","1508-75-4","DB00809","PA164749389","Drug"
"Tropisetron","D000077526","89565-68-4","DB11699","PA161925594","Drug"
"trovafloxacin","C080163","146836-84-2","DB00685","PA164749184","Drug"
"Tryptophan","D014364","73-22-3","DB00150","PA10323","Drug,Biological Intermediate"
"Tubercidin","D014372","69-33-0","DB03172","PA152530738","Drug"
"Tubocurarine","D014403","57-95-4","DB01199","PA451811","Drug"
"tyloxapol","C016811","25301-02-4","DB06439","PA164743726","Drug"
"Tyrosine","D014443","55520-40-6","DB00135","PA451822","Drug,Biological Intermediate"
"udenafil","C419664",NA,"DB06267","PA164776753","Drug"
"Uracil Mustard","D014499","66-75-1","DB00791","PA451830","Drug"
"Urea","D014508","57-13-6","DB03904","PA451831","Drug"
"Uridine","D014529","58-96-8","DB02745","PA130230921","Drug"
"Urofollitropin","D050477",NA,"DB00094","PA451835","Drug"
"Ursodeoxycholic Acid","D014580","128-13-2","DB01586","PA451837","Drug"
"Valacyclovir","D000077483","124832-27-5","DB00577","PA451839","Drug"
"valdecoxib","C406224",NA,"DB00580","PA10226","Drug"
"Valganciclovir","D000077562",NA,"DB01610","PA10227","Drug"
"Valine","D014633","7/3/7004","DB00161","PA451843","Drug"
"Valproic Acid","D014635","99-66-1","DB00313","PA451846","Drug"
"valrubicin","C016163","56124-62-0","DB00385","PA164748616","Drug"
"Valsartan","D000068756",NA,"DB00177","PA451848","Drug"
"Vancomycin","D014640","1404-90-6","DB00512","PA451850","Drug"
"vapreotide","C051458",NA,"DB04894","PA164743146","Drug"
"Vardenafil Dihydrochloride","D000069058",NA,"DB00862","PA10229","Drug"
"Varenicline","D000068580",NA,"DB01273","PA164781343","Drug"
"Vasopressins","D014667","11000-17-2","DB00067","PA451858","Drug"
"Vecuronium Bromide","D014673","50700-72-6","DB01339","PA164748865","Drug"
"Venlafaxine Hydrochloride","D000069470",NA,"DB00285","PA451866","Drug"
"Verteporfin","D000077362","129497-78-5","DB00460","PA451871","Drug"
"Vidarabine","D014740","5536-17-4","DB00194","PA451876","Drug"
"Vigabatrin","D020888","60643-86-9","DB01080","PA10231","Drug"
"Vildagliptin","D000077597",NA,"DB04876","PA165958346","Drug"
"Vinblastine","D014747","865-21-4","DB00570","PA451877","Drug"
"Vincristine","D014750",NA,"DB00541","PA451879","Drug"
"Vindesine","D014751","53643-48-4","DB00309","PA10232","Drug"
"Vinorelbine","D000077235","71486-22-1","DB00361","PA451881","Drug"
"Vitamin A","D014801","11103-57-4","DB00162","PA451884","Drug,Biological Intermediate"
"Vitamin K 1","D010837","84-80-0","DB01022","PA450961","Drug"
"Vitamin K 3","D024483","58-27-5","DB00170","PA450358","Drug"
"voglibose","C102817",NA,"DB04878","PA164752433","Drug"
"Voriconazole","D065819",NA,"DB00582","PA10233","Drug"
"Vorinostat","D000077337",NA,"DB02546","PA164748224","Drug"
"Warfarin","D014859","81-81-2","DB00682","PA451906","Drug"
"ximelagatran","C426686",NA,"DB04898","PA161748474","Drug"
"xylometazoline","C009695","526-36-3","DB06694","PA165958368","Drug"
"Yohimbine","D015016","146-48-5","DB01392","PA451946","Drug"
"zafirlukast","C062735","107753-78-6","DB00549","PA451949","Drug"
"Zalcitabine","D016047","7481-89-2","DB00943","PA451950","Drug"
"zaleplon","C085665",NA,"DB00962","PA451952","Drug"
"Zanamivir","D053243","139110-80-8","DB00558","PA164740891","Drug"
"Zidovudine","D015215","30516-87-1","DB00495","PA451954","Prodrug"
"zileuton","C063449","132880-11-6","DB00744","PA451955","Drug"
"Zinc","D015032","7440-66-6","DB01593","PA451956","Drug"
"ziprasidone","C092292","146939-27-7","DB00246","PA451974","Drug"
"Zoledronic Acid","D000077211",NA,"DB00399","PA10235","Drug"
"zolmitriptan","C089750",NA,"DB00315","PA451975","Drug"
"Zolpidem","D000077334",NA,"DB00425","PA451976","Drug"
"Zonisamide","D000078305","68291-97-4","DB00909","PA451978","Drug"
"zopiclone","C515050",NA,"DB01198","PA10236","Drug"
